"Cell_address","lon_c","lat_c"
5002019930,-78.3486464477772,44.7749788630229
5001980564,-78.3463048092443,44.7760694508745
5001960881,-78.3440329696577,44.7749922450627
5001921515,-78.3416912678389,44.776082758711
5001941199,-78.3417612192679,44.7739149906355
5001901832,-78.3394195302805,44.7750054620161
5001882150,-78.3371478819198,44.7739281167086
5001842783,-78.3348061296821,44.7750185138878
5001823101,-78.3325345833634,44.7739410777023
5001783734,-78.3301927678994,44.7750314006822
5001764052,-78.3279213236353,44.7739538736213
5001724685,-78.3255794449691,44.7750441224038
5001705003,-78.3233081027722,44.7739665044701
5001665636,-78.3209661609278,44.7750566790572
5001645954,-78.3186949208109,44.7739789702531
5001606587,-78.3163529158123,44.7750690706469
5001586905,-78.314081777788,44.7739912709749
5001547538,-78.3117397096592,44.7750812971774
5001527856,-78.3094686737403,44.77400340664
5001488489,-78.3071265425053,44.7750933586534
5001468807,-78.3048556087044,44.774015377253
5001429440,-78.3025134143872,44.7751052550792
5001409758,-78.300242582717,44.7740271828184
5001370391,-78.2979003253417,44.7751169864594
5001350709,-78.2956295958149,44.7740388233407
5001311342,-78.2932872754054,44.7751285527987
5001291660,-78.2910166480346,44.7740502988245
5001252293,-78.2886742646151,44.7751399541015
5001232611,-78.286403739413,44.7740616092744
5001193244,-78.2840612930074,44.7751511903724
5001173562,-78.2817908699866,44.7740727546949
5001134195,-78.279448360619,44.7751622616159
5001114513,-78.2771780397922,44.7740837350905
5001075146,-78.2748354674866,44.7751731678367
5001055464,-78.2725652488664,44.7740945504658
5001016097,-78.2702226136469,44.7751839090392
5000996415,-78.267952497246,44.7741052008254
5000957048,-78.2656097991365,44.7751944852281
5000937366,-78.2633397849676,44.7741156861739
5000897999,-78.2609970239922,44.7752048964079
5000878317,-78.2587271120678,44.7741260065158
5000838950,-78.2563842882506,44.7752151425832
5000819268,-78.2541144785834,44.7741361618557
5000779901,-78.2517715919484,44.7752252237586
5000760219,-78.249501884551,44.7741461521982
5002039613,-78.3509183893793,44.7760559779491
5001862466,-78.3370777651997,44.7760959014633
5001803417,-78.3324643013634,44.7761088791358
5001744368,-78.3278508763668,44.7761216917331
5001685319,-78.3232374902466,44.7761343392597
5001626270,-78.3186241430394,44.7761468217201
5001567221,-78.314010834782,44.7761591391188
5001508172,-78.3093975655111,44.7761712914604
5001449123,-78.3047843352634,44.7761832787494
5001390074,-78.3001711440755,44.7761951009903
5001331025,-78.2955579919842,44.7762067581878
5001271976,-78.2909448790262,44.7762182503463
5001212927,-78.2863318052382,44.7762295774704
5001153878,-78.2817187706568,44.7762407395646
5001094829,-78.2771057753187,44.7762517366336
5001035780,-78.2724928192607,44.7762625686818
5000976731,-78.2678799025194,44.7762732357139
5000917682,-78.2632670251315,44.7762837377344
5000858633,-78.2586541871337,44.7762940747479
5000799584,-78.2540413885626,44.7763042467589
5000740535,-78.249428629455,44.7763142537721
5002000247,-78.3485767380315,44.7771466080686
5001941198,-78.3439630945989,44.777160006791
5001882149,-78.3393494899199,44.7771732404267
5001823100,-78.3347359240311,44.7771863089801
5001764051,-78.3301223969692,44.7771992124558
5001705002,-78.325508908771,44.7772119508583
5001645953,-78.3208954594732,44.7772245241921
5001586904,-78.3162820491126,44.7772369324617
5001527855,-78.3116686777256,44.7772491756718
5001468806,-78.3070553453493,44.7772612538267
5001409757,-78.3024420520201,44.7772731669311
5001350708,-78.2978287977748,44.7772849149896
5001291659,-78.2932155826501,44.7772964980065
5001232610,-78.2886024066827,44.7773079159866
5001173561,-78.2839892699093,44.7773191689343
5001114512,-78.2793761723666,44.7773302568542
5001055463,-78.2747631140913,44.7773411797509
5000996414,-78.27015009512,44.777351937629
5000937365,-78.2655371154896,44.7773625304929
5000878316,-78.2609241752365,44.7773729583474
5000819267,-78.2563112743976,44.7773832211968
5000760218,-78.2516984130095,44.777393319046
5002019929,-78.3508487560229,44.7782237166427
5001960880,-78.3462350105642,44.7782372062538
5001901831,-78.3416213038464,44.7782505307756
5001842782,-78.337007635906,44.7782636902127
5001783733,-78.33239400678,44.7782766845695
5001724684,-78.3277804165049,44.7782895138507
5001665635,-78.3231668651175,44.7783021780607
5001606586,-78.3185533526545,44.7783146772041
5001547537,-78.3139398791526,44.7783270112853
5001488488,-78.3093264446486,44.778339180309
5001429439,-78.304713049179,44.7783511842796
5001370390,-78.3000996927807,44.7783630232018
5001311341,-78.2954863754904,44.7783746970799
5001252292,-78.2908730973447,44.7783862059187
5001193243,-78.2862598583803,44.7783975497227
5001134194,-78.2816466586339,44.7784087284963
5001075145,-78.2770334981423,44.7784197422443
5001016096,-78.2724203769421,44.778430590971
5000957047,-78.26780729507,44.7784412746812
5000897998,-78.2631942525628,44.7784517933794
5000838949,-78.258581249457,44.7784621470701
5000779900,-78.2539682857894,44.7784723357579
5000720851,-78.2493553615966,44.7784823594474
5001980563,-78.3485070157385,44.7793143570971
5001921514,-78.3438932069829,44.7793277725078
5001862465,-78.339279436992,44.7793410228313
5001803416,-78.3346657058028,44.7793541080721
5001744367,-78.3300520134518,44.7793670282347
5001685318,-78.3254383599758,44.7793797833236
5001626269,-78.3208247454116,44.7793923733435
5001567220,-78.3162111697957,44.7794047982987
5001508171,-78.3115976331651,44.7794170581938
5001449122,-78.3069841355562,44.7794291530335
5001390073,-78.3023706770059,44.7794410828221
5001331024,-78.2977572575509,44.7794528475643
5001271975,-78.2931438772278,44.7794644472646
5001212926,-78.2885305360735,44.7794758819275
5001153877,-78.2839172341245,44.7794871515576
5001094828,-78.2793039714175,44.7794982561596
5001035779,-78.2746907479894,44.7795091957378
5000976730,-78.2700775638767,44.779519970297
5000917681,-78.2654644191162,44.7795305798416
5000858632,-78.2608513137445,44.7795410243763
5000799583,-78.2562382477984,44.7795513039056
5000740534,-78.2516252213145,44.7795614184341
5002000246,-78.3507791101255,44.7803914593186
5001941197,-78.3461651993331,44.780404965621
5001882148,-78.3415513272929,44.7804183068337
5001823099,-78.3369374940414,44.7804314829612
5001764050,-78.3323236996156,44.780444494008
5001705001,-78.3277099440521,44.7804573399786
5001645952,-78.3230962273876,44.7804700208777
5001586903,-78.3184825496588,44.7804825367096
5001527854,-78.3138689109024,44.780494887479
5001468805,-78.3092553111553,44.7805070731904
5001409756,-78.304641750454,44.7805190938483
5001350707,-78.3000282288353,44.7805309494572
5001291658,-78.295414746336,44.7805426400218
5001232609,-78.2908013029926,44.7805541655465
5001173560,-78.2861878988419,44.7805655260359
5001114511,-78.2815745339207,44.7805767214946
5001055462,-78.2769612082656,44.7805877519271
5000996413,-78.2723479219133,44.780598617338
5000937364,-78.2677346749005,44.7806093177319
5000878315,-78.2631214672639,44.7806198531133
5000819266,-78.2585082990403,44.7806302234869
5000760217,-78.2538951702662,44.7806404288571
5000701168,-78.2492820809784,44.7806504692287
5001960879,-78.3484372809009,44.781482110113
5001901830,-78.3438233068122,44.7814955422176
5001842781,-78.3392093714996,44.7815088092345
5001783732,-78.3345954749999,44.7815219111683
5001724683,-78.3299816173499,44.7815348480234
5001665634,-78.3253677985861,44.7815476198045
5001606585,-78.3207540187454,44.7815602265159
5001547536,-78.3161402778645,44.7815726681623
5001488487,-78.31152657598,44.7815849447482
5001429438,-78.3069129131288,44.7815970562781
5001370389,-78.3022992893474,44.7816090027565
5001311340,-78.2976857046728,44.7816207841881
5001252291,-78.2930721591414,44.7816324005773
5001193242,-78.2884586527901,44.7816438519288
5001134193,-78.2838451856556,44.781655138247
5001075144,-78.2792317577745,44.7816662595365
5001016095,-78.2746183691835,44.781677215802
5000957046,-78.2700050199195,44.7816880070479
5000897997,-78.265391710019,44.7816986332788
5000838948,-78.2607784395188,44.7817090944994
5000779899,-78.2561652084555,44.7817193907142
5000720850,-78.2515520168659,44.7817295219277
5001980562,-78.3507094516898,44.7825592059815
5001921513,-78.3460953755537,44.7825727289808
5001862464,-78.3414813381811,44.7825860868899
5001803415,-78.3368673396086,44.7825992797134
5001744366,-78.332253379873,44.7826123074558
5001685317,-78.327639459011,44.7826251701215
5001626268,-78.3230255770594,44.7826378677152
5001567219,-78.3184117340549,44.7826504002414
5001508170,-78.3137979300341,44.7826627677045
5001449121,-78.3091841650339,44.7826749701092
5001390072,-78.304570439091,44.7826870074599
5001331023,-78.299956752242,44.7826988797613
5001271974,-78.2953431045236,44.7827105870178
5001212925,-78.2907294959727,44.7827221292341
5001153876,-78.2861159266258,44.7827335064146
5001094827,-78.2815023965197,44.7827447185639
5001035778,-78.2768889056912,44.7827557656866
5000976729,-78.2722754541769,44.7827666477873
5000917680,-78.2676620420135,44.7827773648706
5000858631,-78.2630486692377,44.7827879169409
5000799582,-78.2584353358862,44.7827983040029
5000740533,-78.2538220419958,44.7828085260612
5000681484,-78.249208787603,44.7828185831204
5001941196,-78.3483675335212,44.7836498671209
5001882147,-78.3437533940895,44.783663315925
5001823098,-78.3391392934452,44.783676599641
5001764049,-78.3345252316251,44.7836897182733
5001705000,-78.329911208666,44.7837026718266
5001645951,-78.3252972246045,44.7837154603053
5001586902,-78.3206832794774,44.783728083714
5001527853,-78.3160693733214,44.7837405420572
5001468804,-78.3114555061732,44.7837528353394
5001409755,-78.3068416780696,44.7837649635652
5001350706,-78.3022278890473,44.7837769267391
5001291657,-78.297614139143,44.7837887248657
5001232608,-78.2930004283934,44.7838003579495
5001173559,-78.2883867568352,44.783811825995
5001114510,-78.2837731245052,44.7838231290069
5001055461,-78.27915953144,44.7838342669897
5000996412,-78.2745459776764,44.783845239948
5000937363,-78.2699324632511,44.7838560478863
5000878314,-78.2653189882007,44.7838666908091
5000819265,-78.260705552562,44.7838771687212
5000760216,-78.2560921563717,44.7838874816271
5000701167,-78.2514787996665,44.7838976295312
5001960878,-78.3506397807184,44.7847269566357
5001901829,-78.3460255392286,44.7847404963376
5001842780,-78.3414113365136,44.7847538709488
5001783731,-78.33679717261,44.7847670804739
5001724682,-78.3321830475547,44.7847801249174
5001665633,-78.3275689613843,44.7847930042839
5001606584,-78.3229549141357,44.7848057185779
5001547535,-78.3183409058454,44.7848182678039
5001488486,-78.3137269365503,44.7848306519664
5001429437,-78.3091130062871,44.78484287107
5001370388,-78.3044991150925,44.7848549251192
5001311339,-78.2998852630032,44.7848668141186
5001252290,-78.2952714500559,44.7848785380727
5001193241,-78.2906576762875,44.7848900969861
5001134192,-78.2860439417345,44.7849014908633
5001075143,-78.2814302464337,44.7849127197089
5001016094,-78.2768165904218,44.7849237835275
5000957045,-78.2722029737355,44.7849346823236
5000897996,-78.2675893964116,44.7849454161018
5000838947,-78.2629758584867,44.7849559848667
5000779898,-78.2583623599975,44.7849663886229
5000720849,-78.2537489009808,44.7849766273748
5000661800,-78.2491354814732,44.7849867011273
5001921512,-78.3482977736022,44.7858176281253
5001862463,-78.3436834688174,44.7858310936345
5001803414,-78.3390692028314,44.7858443940552
5001744365,-78.3344549756809,44.7858575293917
5001685316,-78.3298407874027,44.7858704996488
5001626267,-78.3252266380335,44.7858833048308
5001567218,-78.32061252761,44.7858959449423
5001508169,-78.315998456169,44.7859084199879
5001449120,-78.3113844237472,44.785920729972
5001390071,-78.3067704303813,44.7859328748993
5001331022,-78.302156476108,44.7859448547743
5001271973,-78.2975425609642,44.7859566696015
5001212924,-78.2929286849864,44.7859683193855
5001153875,-78.2883148482114,44.7859798041308
5001094826,-78.283701050676,44.785991123842
5001035777,-78.2790872924168,44.7860022785237
5000976728,-78.2744735734706,44.7860132681804
5000917679,-78.269859893874,44.7860240928167
5000858630,-78.2652462536639,44.7860347524371
5000799581,-78.2606326528769,44.7860452470464
5000740532,-78.2560190915496,44.7860555766489
5000681483,-78.2514055697189,44.7860657412494
5001941195,-78.3505700972139,44.786894711286
5001882146,-78.3459556903604,44.786908267696
5001823097,-78.341341322293,44.7869216590149
5001764048,-78.3367269930484,44.7869348852472
5001704999,-78.3321127026634,44.7869479463976
5001645950,-78.3274984511747,44.7869608424704
5001586901,-78.322884238619,44.7869735734702
5001527852,-78.318270065033,44.7869861394016
5001468803,-78.3136559304536,44.7869985402691
5001409754,-78.3090418349175,44.7870107760773
5001350705,-78.3044277784612,44.7870228468306
5001291656,-78.2998137611217,44.7870347525336
5001232607,-78.2951997829356,44.787046493191
5001173558,-78.2905858439397,44.7870580688071
5001114509,-78.2859719441706,44.7870694793867
5001055460,-78.2813580836652,44.7870807249342
5001901828,-78.3482280011463,44.7879853931309
5001842779,-78.3436135309986,44.7879988753508
5001783730,-78.3389990996609,44.7880121924817
5001724681,-78.33438470717,44.788025344528
5001665632,-78.3297703535628,44.7880383314944
5001606583,-78.3251560388759,44.7880511533854
5001547534,-78.3205417631461,44.7880638102053
5001488485,-78.3159275264101,44.7880763019589
5000996411,-78.27674426246,44.7870918054543
5000937362,-78.2721304805919,44.7871027209514
5000878313,-78.2675167380975,44.7871134714303
5000819264,-78.2629030350135,44.7871240568953
5000760215,-78.2582893713768,44.7871344773512
5000701166,-78.2536757472239,44.7871447328025
5000642117,-78.2490621625916,44.7871548232538
5001921511,-78.3505004011789,44.7890624699369
5001862462,-78.3458858289518,44.7890760430606
5001429436,-78.3113133287047,44.7880886286507
5001370387,-78.3066991700665,44.7881007902851
5001311338,-78.3020850505324,44.7881127868668
5001252289,-78.297470970139,44.7881246184002
5001193240,-78.2928569289231,44.78813628489
5001134191,-78.2882429269214,44.7881477863407
5001075142,-78.2836289641706,44.7881591227569
5001016093,-78.2790150407075,44.7881702941431
5000957044,-78.2744011565688,44.7881813005038
5000897995,-78.2697873117911,44.7881921418438
5000838946,-78.2651735064113,44.7882028181674
5000779897,-78.260559740466,44.7882133294794
5000720848,-78.2559460139919,44.7882236757844
5000661799,-78.2513323270258,44.7882338570868
5001803413,-78.341271295522,44.7890894510928
5001744364,-78.3366568009264,44.789102694038
5001685315,-78.3320423452017,44.7891157719007
5001626266,-78.3274279283847,44.7891286846854
5001567217,-78.322813550512,44.7891414323968
5001508168,-78.3181992116204,44.7891540150392
5001449119,-78.3135849117467,44.7891664326173
5001390070,-78.3089706509276,44.7891786851357
5001331021,-78.3043564291999,44.7891907725987
5001271972,-78.2997422466002,44.789202695011
5001212923,-78.2951281031653,44.7892144523772
5001153874,-78.290513998932,44.7892260447018
5001094825,-78.2858999339369,44.7892374719893
5001035776,-78.2812859082168,44.7892487342444
5000976727,-78.2766719218085,44.7892598314716
5000917678,-78.2720579747486,44.7892707636754
5000858629,-78.2674440670738,44.7892815308605
5000799580,-78.2628301988209,44.7892921330313
5000740531,-78.2582163700267,44.7893025701926
5000681482,-78.2536025807277,44.7893128423489
5000622433,-78.2489888309608,44.7893229495048
5001882145,-78.3481582161564,44.790153162142
5001823096,-78.3435435806356,44.7901666610783
5001764047,-78.3389289839362,44.7901799949251
5001704998,-78.3343144260951,44.7901931636869
5001645949,-78.3296999071489,44.7902061673682
5001586900,-78.3250854271343,44.7902190059737
5001527851,-78.3204709860882,44.7902316795077
5001468802,-78.3158565840473,44.790244187975
5001409753,-78.3112422210483,44.7902565313799
5001350704,-78.3066278971279,44.7902687097271
5001291655,-78.3020136123229,44.7902807230211
5001232606,-78.2973993666701,44.7902925712664
5001173557,-78.2927851602062,44.7903042544677
5001114508,-78.2881709929678,44.7903157726294
5001055459,-78.2835568649918,44.7903271257561
5000996410,-78.2789427763148,44.7903383138524
5000937361,-78.2743287269736,44.7903493369229
5000878312,-78.2697147170049,44.7903601949721
5000819263,-78.2651007464455,44.7903708880046
5000760214,-78.260486815332,44.7903814160251
5000701165,-78.2558729237011,44.790391779038
5000642116,-78.2512590715897,44.790401977048
5001901827,-78.3504306926161,44.7912302325929
5001842778,-78.3458159550053,44.7912438224359
5001783729,-78.3412012562032,44.791257247187
5001724680,-78.3365865962466,44.7912705068507
5001665631,-78.3319719751723,44.7912836014314
5001606582,-78.3273573930169,44.7912965309337
5001547533,-78.3227428498173,44.7913092953622
5001488484,-78.3181283456101,44.7913218947213
5001429435,-78.3135138804322,44.7913343290156
5001370386,-78.3088994543202,44.7913465982497
5001311337,-78.304285067311,44.7913587024281
5001252288,-78.2996707194412,44.7913706415554
5001193239,-78.2950564107476,44.791382415636
5001134190,-78.290442141267,44.7913940246747
5001075141,-78.285827911036,44.7914054686758
5001016092,-78.2812137200914,44.791416747644
5000957043,-78.2765995684699,44.791427861584
5000897994,-78.2719854562083,44.7914388105001
5000838945,-78.2673713833433,44.791449594397
5000779896,-78.2627573499115,44.7914602132794
5000720847,-78.2581433559499,44.7914706671517
5000661798,-78.2535294014949,44.7914809560186
5000602749,-78.2489154865834,44.7914910798846
5001862461,-78.3480884186349,44.7923209351634
5001803412,-78.3434736177311,44.7923344508216
5001744363,-78.3388588556601,44.7923478013899
5001685314,-78.3342441324587,44.7923609868727
5001626265,-78.3296294481635,44.7923740072747
5001567216,-78.3250148028113,44.7923868626003
5001508167,-78.320400196439,44.7923995528541
5001449118,-78.3157856290831,44.7924120780405
5001390069,-78.3111711007806,44.7924244381643
5001331020,-78.3065566115681,44.7924366332299
5001271971,-78.3019421614824,44.7924486632418
5001212922,-78.2973277505602,44.7924605282047
5001153873,-78.2927133788382,44.792472228123
5001094824,-78.2880990463532,44.7924837630013
5001035775,-78.283484753142,44.7924951328442
5000976726,-78.2788704992413,44.7925063376563
5000917677,-78.2742562846877,44.7925173774422
5000858628,-78.2696421095181,44.7925282522063
5000799579,-78.2650279737691,44.7925389619533
5000740530,-78.2604138774775,44.7925495066878
5000681481,-78.2557998206801,44.7925598864144
5000622432,-78.2511858034135,44.7925701011376
5001882144,-78.350360971528,44.7933979992585
5001823095,-78.3457460685236,44.7934116058266
5001764046,-78.3411312043392,44.7934250473022
5001704997,-78.3365163790117,44.7934383236899
5001645948,-78.3319015925777,44.7934514349942
5001586899,-78.3272868450741,44.7934643812197
5001527850,-78.3226721365375,44.7934771623709
5001468801,-78.3180574670048,44.7934897784524
5001409752,-78.3134428365127,44.7935022294686
5001350703,-78.308828245098,44.7935145154241
5001291654,-78.3042136927973,44.7935266363235
5001232605,-78.2995991796475,44.7935385921713
5001173556,-78.2949847056852,44.793550382972
5001114507,-78.2903702709473,44.7935620087303
5001055458,-78.2857558754705,44.7935734694507
5000996409,-78.2811415192914,44.7935847651378
5000937360,-78.2765272024469,44.793595895796
5000878311,-78.2719129249737,44.7936068614301
5000819262,-78.2672986869085,44.7936176620446
5000760213,-78.262684488288,44.793628297644
5000701164,-78.258070329149,44.793638768233
5000642115,-78.2534562095282,44.7936490738162
5001842777,-78.3480186085845,44.7944887121996
5001783728,-78.3434036422877,44.7945022445853
5001724679,-78.3387887148351,44.7945156118807
5001665630,-78.3341738262634,44.7945288140902
5001606581,-78.3295589766093,44.7945418512184
5001547532,-78.3249441659096,44.7945547232697
5001488483,-78.320329394201,44.7945674302488
5001429434,-78.3157146615203,44.7945799721602
5001370385,-78.3110999679043,44.7945923490085
5001311336,-78.3064853133897,44.794604560798
5001252287,-78.3018706980133,44.7946166075335
5001193238,-78.2972561218118,44.7946284892195
5001134189,-78.2926415848219,44.7946402058605
5001075140,-78.2880270870804,44.7946517574612
5001016091,-78.2834126286241,44.7946631440259
5000957042,-78.2787982094896,44.7946743655594
5000897993,-78.2741838297138,44.7946854220663
5000838944,-78.2695694893333,44.7946963135509
5000779895,-78.2649551883849,44.7947070400181
5000720846,-78.2603409269054,44.7947176014723
5000661797,-78.2557267049314,44.7947279979181
5000602748,-78.2511125224997,44.7947382293602
5000583066,-78.2488421294623,44.793659214398
5001862460,-78.3502912379174,44.7955657699384
5001803411,-78.3456761695093,44.795579393237
5001744362,-78.3410611399327,44.7955928514428
5001685313,-78.3364461492242,44.7956061445602
5001626264,-78.3318311974207,44.7956192725938
5001567215,-78.3272162845588,44.7956322355481
5001508166,-78.3226014106754,44.7956450334277
5001449117,-78.3179865758072,44.795657666237
5001390068,-78.3133717799909,44.7956701339807
5001331019,-78.3087570232634,44.7956824366633
5001271970,-78.3041423056614,44.7956945742893
5001212921,-78.2995276272216,44.7957065468632
5001153872,-78.2949129879808,44.7957183543897
5001094823,-78.2902983879757,44.7957299968733
5001035774,-78.285683827243,44.7957414743186
5000976725,-78.2810693058196,44.7957527867301
5000917676,-78.2764548237422,44.7957639341124
5000858627,-78.2718403810474,44.7957749164701
5000799578,-78.2672259777721,44.7957857338077
5000740529,-78.262611613953,44.7957963861299
5000681480,-78.2579972896268,44.7958068734412
5000622431,-78.2533830048302,44.7958171957463
5001823094,-78.3479487860078,44.7966564932551
5001764045,-78.3433336543082,44.796670042374
5001704996,-78.338718561464,44.7966834264021
5001645947,-78.334103507512,44.7966966453439
5001586898,-78.329488492489,44.7967096992039
5001527849,-78.3248735164317,44.7967225879866
5001468800,-78.320258579377,44.7967353116967
5001409751,-78.3156436813615,44.7967478703386
5001350702,-78.3110288224221,44.7967602639169
5001291653,-78.3064140025955,44.7967724924361
5001232604,-78.3017992219184,44.7967845559009
5001173555,-78.2971844804276,44.7967964543156
5001114506,-78.2925697781599,44.796808187685
5001055457,-78.287955115152,44.7968197560135
5000996408,-78.2833404914406,44.7968311593058
5000937359,-78.2787259070625,44.7968423975663
5000878310,-78.2741113620545,44.7968534707998
5000819261,-78.2694968564533,44.7968643790106
5000760212,-78.2648823902956,44.7968751222036
5000701163,-78.2602679636181,44.7968857003831
5000642114,-78.2556535764577,44.7968961135539
5000583065,-78.251039228851,44.7969063617205
5000563382,-78.2487687596,44.7958273530496
5001842776,-78.3502214917868,44.7977335446371
5001783727,-78.3456062579652,44.7977471846719
5001724678,-78.3409910629863,44.7977606596135
5001665629,-78.3363759068869,44.7977739694662
5001606580,-78.3317607897038,44.7977871142347
5001547531,-78.3271457114737,44.7978000939234
5001488482,-78.3225306722335,44.797812908537
5001429433,-78.3179156720198,44.7978255580799
5001370384,-78.3133007108695,44.7978380425567
5001311335,-78.3086857888193,44.7978503619719
5001252286,-78.304070905906,44.7978625163301
5001193237,-78.2994560621662,44.7978745056359
5001134188,-78.2948412576369,44.7978863298938
5001075139,-78.2902264923547,44.7978979891083
5001016090,-78.2856117663563,44.7979094832841
5000957041,-78.2809970796786,44.7979208124257
5000897992,-78.2763824323583,44.7979319765377
5000838943,-78.2717678244322,44.7979429756246
5000779894,-78.2671532559369,44.797953809691
5000720845,-78.2625387269092,44.7979644787416
5000661796,-78.2579242373859,44.7979749827809
5000602747,-78.2533097874036,44.7979853218135
5001803410,-78.3478789509075,44.7988242783344
5001744361,-78.343263653795,44.7988378441921
5001685312,-78.3386483955492,44.7988512449586
5001626263,-78.334033176207,44.7988644806383
5001567214,-78.3294179958052,44.7988775512358
5001508165,-78.3248028543804,44.7988904567556
5001449116,-78.3201877519696,44.7989031972022
5001390067,-78.3155726886094,44.7989157725803
5001331018,-78.3109576643366,44.7989281828943
5001271969,-78.306342679188,44.7989404281488
5001212920,-78.3017277332003,44.7989525083483
5001153871,-78.2971128264104,44.7989644234975
5001094822,-78.2924979588548,44.7989761736009
5001035773,-78.2878831305705,44.7989877586629
5000976724,-78.2832683415942,44.7989991786883
5000917675,-78.2786535919626,44.7990104336816
5000858626,-78.2740388817125,44.7990215236473
5000799577,-78.2694242108806,44.79903244859
5000740528,-78.2648095795037,44.7990432085144
5000681479,-78.2601949876185,44.7990538034249
5000622430,-78.2555804352617,44.7990642333263
5000563381,-78.2509659224701,44.799074498223
5000543698,-78.2486953769993,44.797995495844
5001823093,-78.3501517331389,44.7999013233592
5001764044,-78.3455363338937,44.7999149801358
5001704995,-78.3409209735026,44.7999284718187
5001645946,-78.3363056520024,44.7999417984124
5001586897,-78.3316903694297,44.7999549599214
5001527848,-78.3270751258215,44.7999679563502
5001468799,-78.3224599212145,44.7999807877034
5001409750,-78.3178447556454,44.7999934539855
5001350701,-78.3132296291511,44.800005955201
5001291652,-78.3086145417682,44.8000182913545
5001232603,-78.3039994935336,44.8000304624507
5001173554,-78.2993844844841,44.8000424684939
5001114505,-78.2947695146563,44.8000543094888
5001055456,-78.290154584087,44.8000659854399
5000996407,-78.285539692813,44.8000774963518
5001783726,-78.3478091032862,44.8009920674423
5001724677,-78.3431936407508,44.8010056500444
5001665628,-78.3385782170935,44.8010190675548
5001606579,-78.3339628323512,44.801032319978
5001547530,-78.3293474865605,44.8010454073186
5001488481,-78.3247321797583,44.8010583295811
5001429432,-78.3201169119814,44.8010710867699
5001370383,-78.3155016832665,44.8010836788898
5000937358,-78.2809248408712,44.8000888422292
5000878309,-78.2763100282981,44.8001000230764
5000819260,-78.2716952551306,44.8001110388982
5000760211,-78.2670805214054,44.8001218896991
5000701162,-78.2624658271592,44.8001325754838
5000642113,-78.2578511724289,44.8001430962567
5000583064,-78.2532365572511,44.8001534520224
5000524015,-78.2486219816627,44.8001636427857
5001803409,-78.3500819619763,44.8020691061092
5001744360,-78.3454663972976,44.8020827796333
5001311334,-78.3108864936504,44.8010961059451
5001252285,-78.3062713431699,44.8011083679406
5001193236,-78.3016562318617,44.8011204648806
5001134187,-78.2970411597626,44.8011323967698
5001075138,-78.2924261269094,44.8011441636128
5001016089,-78.2878111333388,44.8011557654141
5000957040,-78.2831961790877,44.8011672021782
5000897991,-78.2785812641926,44.8011784739098
5000838942,-78.2739663886905,44.8011895806134
5000779893,-78.269351552618,44.8012005222937
5000720844,-78.2647367560119,44.8012112989551
5000661795,-78.260121998909,44.8012219106023
5000602746,-78.2555072813461,44.8012323572399
5000543697,-78.2508926033597,44.8012426388725
5001685311,-78.3408508714843,44.8020962880632
5001626262,-78.3362353845732,44.8021096314034
5001567213,-78.3316199366011,44.8021228096585
5001508164,-78.3270045276048,44.802135822833
5001449115,-78.322389157621,44.8021486709315
5001390066,-78.3177738266866,44.8021613539584
5001331017,-78.3131585348383,44.8021738719183
5001271968,-78.3085432821129,44.8021862248158
5001212919,-78.3039280685471,44.8021984126554
5001153870,-78.2993128941777,44.8022104354417
5001094821,-78.2946977590415,44.8022222931793
5001035772,-78.2900826631753,44.8022339858726
5000976723,-78.2854676066158,44.8022455135264
5000917674,-78.2808525893998,44.8022568761451
5000858625,-78.2762376115641,44.8022680737333
5000799576,-78.2716226731453,44.8022791062956
5000740527,-78.2670077741803,44.8022899738367
5000681478,-78.2623929147058,44.802300676361
5000622429,-78.2577780947586,44.8023112138731
5000563380,-78.2531633143754,44.8023215863778
5001764043,-78.3477392431466,44.8031598605831
5001704994,-78.3431236151784,44.8031734599353
5001645945,-78.3385080260996,44.8031868941953
5001586896,-78.3338924759471,44.8032001633677
5001527847,-78.3292769647577,44.803213267457
5001468798,-78.3246614925681,44.8032262064678
5001409749,-78.3200460594151,44.8032389804045
5001350700,-78.3154306653356,44.8032515892717
5001291651,-78.3108153103663,44.8032640330741
5001232602,-78.3061999945439,44.8032763118161
5001173553,-78.3015847179052,44.8032884255022
5001114504,-78.2969694804871,44.8033003741371
5001055455,-78.2923542823263,44.8033121577254
5000996406,-78.2877391234595,44.8033237762715
5000937357,-78.2831240039235,44.80333522978
5000878308,-78.2785089237551,44.8033465182556
5000819259,-78.2738938829911,44.8033576417028
5000760210,-78.2692788816681,44.8033686001262
5000701161,-78.264663919823,44.8033793935303
5000642112,-78.2600489974926,44.8033900219199
5000583063,-78.2554341147135,44.8034004852994
5000524014,-78.2508192715225,44.8034107836734
5001783725,-78.3500121783017,44.8042368928917
5001724676,-78.3453964481795,44.8042505831689
5001665627,-78.340780756934,44.8042641083514
5001606578,-78.3361651046021,44.8042774684439
5001547529,-78.3315494912206,44.8042906634507
5001488480,-78.3269339168262,44.8043036933765
5001429431,-78.3223183814558,44.8043165582259
5001370382,-78.3177028851461,44.8043292580032
5001311333,-78.3130874279338,44.8043417927132
5001252284,-78.3084720098559,44.8043541623602
5001193235,-78.303856630949,44.804366366949
5001134186,-78.2992412912499,44.804378406484
5001075137,-78.2946259907954,44.8043902809699
5001016088,-78.2900107296223,44.8044019904111
5000957039,-78.2853955077674,44.8044135348123
5000897990,-78.2807803252673,44.804424914178
5000838941,-78.276165182159,44.8044361285129
5000779892,-78.2715500784791,44.8044471778214
5000720843,-78.2669350142644,44.8044580621082
5000661794,-78.2623199895516,44.8044687813778
5000602745,-78.2577050043776,44.8044793356349
5000543696,-78.2530900587791,44.8044897248841
5001744359,-78.3476693704913,44.8053276577616
5001685310,-78.3430535770802,44.8053412738695
5001626261,-78.33843782257,44.8053547248847
5001567212,-78.3338221069974,44.8053680108119
5001508163,-78.3292064303993,44.8053811316555
5001449114,-78.3245907928123,44.8053940874202
5001390065,-78.3199751942734,44.8054068781104
5001331016,-78.3153596348193,44.8054195037307
5001271967,-78.3107441144868,44.8054319642857
5001212918,-78.3061286333126,44.8054442597799
5001153869,-78.3015131913336,44.8054563902178
5001094820,-78.2968977885865,44.805468355604
5001035771,-78.2922824251081,44.8054801559432
5000976722,-78.2876671009352,44.8054917912397
5000917673,-78.2830518161045,44.8055032614984
5000858624,-78.2784365706528,44.8055145667236
5000799575,-78.2738213646169,44.80552570692
5000740526,-78.2692061980336,44.8055366820922
5000681477,-78.2645910709396,44.8055474922447
5000622428,-78.2599759833717,44.8055581373822
5000563379,-78.2553609353666,44.8055686175093
5000504330,-78.2507459269611,44.8055789326304
5001764042,-78.3499423821177,44.8064046837112
5001704993,-78.345326486542,44.8064183907471
5001645944,-78.3407106298544,44.806431932688
5001586895,-78.3360948120918,44.8064453095382
5001527846,-78.3314790332909,44.8064585213025
5001468797,-78.3268632934885,44.8064715679853
5001409748,-78.3222475927214,44.8064844495911
5001350699,-78.3176319310264,44.8064971661246
5001291650,-78.3130163084403,44.8065097175902
5001232601,-78.3084007249999,44.8065221039925
5001173552,-78.303785180742,44.806534325336
5001114503,-78.2991696757032,44.8065463816254
5001055454,-78.2945542099205,44.8065582728652
5000996405,-78.2899387834306,44.80656999906
5000937356,-78.2853233962703,44.8065815602143
5000878307,-78.2807080484763,44.8065929563327
5000819258,-78.2760927400855,44.8066041874198
5000760209,-78.2714774711345,44.8066152534801
5000701160,-78.2668622416602,44.8066261545183
5000642111,-78.2622470516994,44.806636890539
5000583062,-78.2576319012887,44.8066474615467
5000524013,-78.2530167904649,44.806657867546
5001724675,-78.347599485323,44.8074954589822
5001665626,-78.3429835264591,44.8075090918514
5001606577,-78.3383676065074,44.8075225596275
5001547528,-78.3337517255048,44.8075358623151
5001488479,-78.329135883488,44.8075489999188
5001429430,-78.3245200804937,44.807561972443
5001370381,-78.3199043165589,44.8075747798923
5001311332,-78.3152885917203,44.8075874222713
5001252283,-78.3106729060146,44.8075998995846
5001193234,-78.3060572594787,44.8076122118366
5001134185,-78.3014416521494,44.8076243590319
5001075136,-78.2968260840634,44.8076363411751
5001016087,-78.2922105552575,44.8076481582708
5000957038,-78.2875950657686,44.8076598103235
5000897989,-78.2829796156333,44.8076712973379
5000838940,-78.2783642048884,44.8076826193184
5000779891,-78.2737488335708,44.8076937762697
5000720842,-78.2691335017172,44.8077047681963
5000661793,-78.2645182093644,44.8077155951029
5000602744,-78.2599029565491,44.807726256994
5000543695,-78.2552877433081,44.8077367538742
5000484646,-78.2506725696782,44.8077470857482
5001744358,-78.349872573427,44.8085724785724
5001685309,-78.3452565123878,44.8085862023727
5001626260,-78.3406404902481,44.8085997610774
5001567211,-78.3360245070448,44.8086131546912
5001508162,-78.3314085628145,44.8086263832184
5001449113,-78.3267926575942,44.8086394466638
5001390064,-78.3221767914205,44.8086523450318
5001331015,-78.3175609643303,44.808665078327
5001271966,-78.3129451763604,44.8086776465539
5001212917,-78.3083294275476,44.8086900497171
5001153868,-78.3037137179287,44.8087022878211
5001094819,-78.2990980475404,44.8087143608705
5001035770,-78.2944824164196,44.8087262688699
5000976721,-78.289866824603,44.8087380118238
5000917672,-78.2852512721273,44.8087495897369
5000858623,-78.2806357590295,44.8087610026136
5000799574,-78.2760202853463,44.8087722504586
5000740525,-78.2714048511144,44.8087833332764
5000681476,-78.2667894563706,44.8087942510717
5000622427,-78.2621741011516,44.808805003849
5000563378,-78.2575587854944,44.8088155916129
5000504329,-78.2529435094356,44.8088260143681
5001704992,-78.3475295876442,44.8096632642496
5001645943,-78.3429134633176,44.8096769138857
5001586894,-78.3382973779146,44.8096903984283
5001527845,-78.3336813314719,44.809703717882
5001468796,-78.3290653240264,44.8097168722513
5001409747,-78.3244493556149,44.8097298615407
5001350698,-78.3198334262743,44.8097426857548
5001291649,-78.3152175360412,44.8097553448982
5001232600,-78.3106016849524,44.8097678389753
5001173551,-78.3059858730449,44.8097801679908
5001114502,-78.3013701003553,44.8097923319491
5001055453,-78.2967543669205,44.809804330855
5000996404,-78.2921386727773,44.8098161647129
5000937355,-78.2875230179623,44.8098278335274
5000878306,-78.2829074025125,44.8098393373031
5000819257,-78.2782918264646,44.8098506760446
5000760208,-78.2736762898554,44.8098618497564
5000701159,-78.2690607927216,44.8098728584431
5000642110,-78.2644453351,44.8098837021094
5000583061,-78.2598299170275,44.8098943807598
5000524012,-78.2552145385408,44.8099048943989
5000464963,-78.2505991996766,44.8099152430314
5001724674,-78.3498027522322,44.8107402774799
5001665625,-78.3451865257196,44.8107540180501
5001606576,-78.3405703381179,44.8107675935244
5001547527,-78.3359541894638,44.8107810039072
5001488478,-78.3313380797943,44.8107942492031
5001429429,-78.326722009146,44.8108073294167
5001370380,-78.3221059775558,44.8108202445525
5001311331,-78.3174899850605,44.8108329946151
5001252282,-78.3128740316969,44.8108455796089
5001193233,-78.3082581175017,44.8108579995386
5001134184,-78.3036422425119,44.8108702544087
5001075135,-78.2990264067641,44.8108823442238
5001016086,-78.2944106102952,44.8108942689885
5000957037,-78.2897948531419,44.8109060287072
5000897988,-78.2851791353411,44.8109176233847
5000838939,-78.2805634569296,44.8109290530254
5000779890,-78.275947817944,44.8109403176339
5000720841,-78.2713322184212,44.8109514172149
5000661792,-78.266716658398,44.8109623517729
5000602743,-78.2621011379112,44.8109731213126
5000543694,-78.2574856569975,44.8109837258384
5000484645,-78.2528702156937,44.8109941653551
5001685308,-78.3474596774578,44.8118310735683
5001626259,-78.3428433876584,44.811844739977
5001567210,-78.338227136794,44.8118582412917
5001508161,-78.3336109249014,44.8118715775171
5001449112,-78.3289947520173,44.8118847486577
5001390063,-78.3243786181786,44.8118977547179
5001331014,-78.3197625234222,44.8119105957024
5001271965,-78.3151464677846,44.8119232716158
5001212916,-78.3105304513029,44.8119357824624
5001153867,-78.3059144740138,44.8119481282471
5001094818,-78.3012985359541,44.8119603089741
5001035769,-78.2966826371605,44.8119723246483
5000976720,-78.2920667776699,44.811984175274
5000917671,-78.2874509575191,44.811995860856
5000858622,-78.2828351767449,44.8120073813987
5000799573,-78.278219435384,44.8120187369068
5000740524,-78.2736037334732,44.8120299273848
5000681475,-78.2689880710494,44.8120409528373
5000622426,-78.2643724481492,44.8120518132689
5000563377,-78.2597568648096,44.8120625086843
5000504328,-78.2551413210672,44.8120730390879
5000445279,-78.2505258169588,44.8120834044845
5001704991,-78.3497329185359,44.8129080804381
5001645942,-78.34511652654,44.8129218377839
5001586893,-78.3405001734662,44.8129354300334
5001527844,-78.3358838593515,44.8129488571909
5001468795,-78.3312675842327,44.8129621192612
5001409746,-78.3266513481466,44.8129752162487
5001350697,-78.3220351511299,44.8129881481579
5001291648,-78.3174189932195,44.8130009149935
5001232599,-78.3128028744522,44.8130135167599
5001173550,-78.3081867948649,44.8130259534618
5001114501,-78.3035707544942,44.8130382251036
5001055452,-78.298954753377,44.81305033169
5000996403,-78.2943387915501,44.8130622732256
5000937354,-78.2897228690503,44.8130740497148
5001665624,-78.3473897547662,44.8139988869429
5001606575,-78.3427732994842,44.8140125701298
5001547526,-78.3381568831485,44.8140260882223
5001488477,-78.3335405057959,44.814039441225
5001429428,-78.3289241674633,44.8140526291425
5001370379,-78.3243078681875,44.8140656519793
5001311330,-78.3196916080053,44.8140785097398
5000878305,-78.2851069859144,44.8130856611623
5000819256,-78.2804911421791,44.8130971075726
5000760207,-78.2758753378814,44.8131083889504
5000701158,-78.2712595730578,44.8131195053002
5000642109,-78.2666438477454,44.8131304566266
5000583060,-78.2620281619807,44.8131412429342
5000524011,-78.2574125158007,44.8131518642277
5000464962,-78.2527969092421,44.8131623205115
5001685307,-78.3496630723409,44.8150758874517
5001252281,-78.3150753869534,44.8140912024288
5001193232,-78.3104592050688,44.8141037300507
5001134183,-78.3058430623881,44.81411609261
5001075134,-78.3012269589483,44.8141282901115
5001016085,-78.2966108947861,44.8141403225596
5000957036,-78.2919948699383,44.8141521899588
5000897987,-78.2873788844417,44.8141638923139
5000838938,-78.2827629383331,44.8141754296293
5000779889,-78.2781470316493,44.8141868019096
5000720840,-78.2735311644271,44.8141980091594
5000661791,-78.2689153367033,44.8142090513834
5000602742,-78.2642995485147,44.814219928586
5000543693,-78.259683799898,44.814230640772
5000484644,-78.2550680908901,44.8142411879459
5000425595,-78.2504524215277,44.8142515701122
5001626258,-78.3450465148516,44.8150896615788
5001567209,-78.3404299962959,44.815103270609
5001508160,-78.3358135167106,44.815116714547
5001449111,-78.3311970761326,44.8151299933972
5001390062,-78.3265806745986,44.8151431071642
5001331013,-78.3219643121455,44.8151560558525
5001271964,-78.3173479888102,44.8151688394667
5001212915,-78.3127317046293,44.8151814580114
5001153866,-78.3081154596397,44.8151939114911
5001094817,-78.3034992538782,44.8152061999103
5001035768,-78.2988830873817,44.8152183232737
5000976719,-78.2942669601869,44.8152302815858
5000917670,-78.2896508723307,44.8152420748511
5000858621,-78.2850348238497,44.8152537030744
5000799572,-78.2804188147809,44.81526516626
5000740523,-78.275802845161,44.8152764644127
5000681474,-78.2711869150269,44.8152875975369
5000622425,-78.2665710244152,44.8152985656374
5000563376,-78.2619551733629,44.8153093687187
5000504327,-78.2573393619066,44.8153200067853
5000445278,-78.2527235900833,44.815330479842
5001645941,-78.3473198195722,44.816166704378
5001586892,-78.3427031987975,44.8161804043487
5001527843,-78.3380866169806,44.8161939392247
5001468794,-78.3334700741581,44.8162073090104
5001409745,-78.3288535703671,44.8162205137104
5001350696,-78.3242371056441,44.8162335533293
5001291647,-78.3196206800262,44.8162464278715
5001232598,-78.3150042935501,44.8162591373418
5001173549,-78.3103879462526,44.8162716817445
5001114500,-78.3057716381705,44.8162840610843
5001055451,-78.3011553693407,44.8162962753658
5000996402,-78.2965391397999,44.8163083245934
5000937353,-78.291922949585,44.8163202087719
5000878304,-78.2873067987327,44.8163319279057
5000819255,-78.2826906872799,44.8163434819994
5000760206,-78.2780746152633,44.8163548710577
5000701157,-78.2734585827198,44.816366095085
5000642108,-78.2688425896861,44.8163771540861
5000583059,-78.2642266361991,44.8163880480654
5000524010,-78.2596107222955,44.8163987770277
5000464961,-78.2549948480121,44.8164093409774
5000405912,-78.2503790133858,44.8164197399192
5001665623,-78.3495932136498,44.8172436985252
5001606574,-78.3449764906571,44.8172574894392
5001547525,-78.3403598066095,44.8172711152559
5001488476,-78.3357431615437,44.8172845759799
5001429427,-78.3311265554965,44.8172978716157
5001370378,-78.3265099885048,44.8173110021678
5001311329,-78.3218934606054,44.8173239676409
5001252280,-78.317276971835,44.8173367680395
5001193231,-78.3126605222306,44.817349403368
5001134182,-78.3080441118289,44.8173618736312
5001075133,-78.3034277406668,44.8173741788335
5001016084,-78.298811408781,44.8173863189795
5000957035,-78.2941951162084,44.8173982940738
5000897986,-78.2895788629857,44.8174101041209
5000838937,-78.2849626491499,44.8174217491255
5000779888,-78.2803464747376,44.8174332290921
5000720839,-78.2757303397857,44.8174445440253
5000661790,-78.271114244331,44.8174556939297
5000602741,-78.2664981884103,44.8174666788099
5000543692,-78.2618821720604,44.8174774986705
5000484643,-78.257266195318,44.8174881535161
5000425594,-78.2526502582201,44.8174986433513
5001626257,-78.3472498718785,44.8183345258781
5001567208,-78.3426330856012,44.8183482426383
5001508159,-78.338016338293,44.8183617943034
5001449110,-78.3333996299908,44.8183751808777
5001390061,-78.3287829607312,44.8183884023659
5001331012,-78.3241663305513,44.8184014587726
5001271963,-78.3195497394878,44.8184143501022
5001212914,-78.3149331875774,44.8184270763594
5001153865,-78.3103166748571,44.8184396375486
5001094816,-78.3057002013637,44.8184520336745
5001035767,-78.3010837671339,44.8184642647416
5000976718,-78.2964673722046,44.8184763307545
5000917669,-78.2918510166127,44.8184882317178
5000858620,-78.2872347003948,44.818499967636
5000799571,-78.2826184235878,44.8185115385137
5000740522,-78.2780021862285,44.8185229443556
5000681473,-78.2733859883538,44.8185341851661
5000622424,-78.2687698300004,44.8185452609499
5000563375,-78.2641537112051,44.8185561717116
5000504326,-78.2595376320047,44.8185669174558
5000445277,-78.2549215924361,44.8185774981871
5000386228,-78.250305592536,44.8185879139101
5001645940,-78.3495233424652,44.8194115136633
5001586891,-78.3449064539593,44.8194253213698
5001527842,-78.3402896044098,44.8194389639786
5001468793,-78.3356727938535,44.8194524414942
5001409744,-78.3310560223272,44.8194657539213
5001350695,-78.3264392898678,44.8194789012643
5001291646,-78.321822596512,44.8194918835277
5001232597,-78.3172059422968,44.8195047007162
5001173548,-78.3125893272589,44.8195173528344
5001114499,-78.3079727514352,44.8195298398866
5001055450,-78.3033562148624,44.8195421618776
5000996401,-78.2987397175775,44.8195543188119
5000937352,-78.2941232596172,44.8195663106941
5000878303,-78.2895068410182,44.8195781375287
5000819254,-78.2848904618175,44.8195897993203
5000760205,-78.2802741220519,44.8196012960735
5000701156,-78.2756578217581,44.819612627793
5000642107,-78.271041560973,44.8196237944832
5000583058,-78.2664253397333,44.8196347961488
5000524009,-78.2618091580759,44.8196456327943
5000464960,-78.2571930160376,44.8196563044245
5000405911,-78.2525769136551,44.8196668110439
5001606573,-78.3471799116876,44.8205023514479
5001547524,-78.3425629598978,44.8205160850033
5001488475,-78.3379460470884,44.820529653463
5001429426,-78.3333291732964,44.8205430568316
5001370377,-78.3287123385585,44.8205562951137
5001311328,-78.3240955429116,44.8205693683138
5001252279,-78.3194787863925,44.8205822764364
5001193230,-78.314862069038,44.8205950194861
5001134181,-78.310245390885,44.8206075974675
5001075132,-78.3056287519703,44.8206200103852
5001016083,-78.3010121523307,44.8206322582436
5000957034,-78.296395592003,44.8206443410474
5000897985,-78.291779071024,44.8206562588012
5000838936,-78.2871625894306,44.8206680115095
5000779887,-78.2825461472596,44.8206795991769
5000720838,-78.2779297445478,44.820691021808
5000661789,-78.2733133813319,44.8207022794074
5000602740,-78.2686970576489,44.8207133719796
5000543691,-78.2640807735354,44.8207242995294
5000484642,-78.2594645290284,44.8207350620612
5000425593,-78.2548483241646,44.8207456595797
5000366544,-78.2502321589808,44.8207560920895
5001626256,-78.3494534587898,44.8215793328704
5001567207,-78.3448364047607,44.8215931573751
5001508158,-78.3402193896994,44.8216068167817
5001449109,-78.3356024136426,44.8216203110947
5001390060,-78.3309854766273,44.8216336403186
5001331011,-78.3263685786902,44.821646804458
5001271962,-78.3217517198682,44.8216598035176
5001212913,-78.3171349001982,44.8216726375017
5001153864,-78.3125181197169,44.821685306415
5001094815,-78.3079013784612,44.8216978102621
5001035766,-78.303284676468,44.8217101490474
5000976717,-78.2986680137739,44.8217223227756
5000917668,-78.2940513904159,44.8217343314513
5000858619,-78.2894348064308,44.821746175079
5000799570,-78.2848182618554,44.8217578536634
5000740521,-78.2802017567265,44.8217693672089
5000681472,-78.2755852910809,44.8217807157202
5000622423,-78.2709688649555,44.8217918992019
5000563374,-78.266352478387,44.8218029176586
5000504325,-78.2617361314122,44.8218137710948
5000445276,-78.257119824068,44.8218244595152
5000386227,-78.2525035563912,44.8218349829245
5001586890,-78.3471099390023,44.8226701810919
5001527841,-78.34249282169,44.8226839314481
5001468792,-78.3378757433695,44.8226975167081
5001409743,-78.3332587040778,44.8227109368767
5001350694,-78.3286417038516,44.8227241919583
5001291645,-78.3240247427278,44.8227372819574
5001232596,-78.3194078207432,44.8227502068787
5001173547,-78.3147909379346,44.8227629667267
5001114498,-78.310174094339,44.8227755615059
5001055449,-78.305557289993,44.822787991221
5000996400,-78.3009405249337,44.8228002558764
5000937351,-78.2963237991976,44.8228123554768
5000878302,-78.2917071128218,44.8228242900267
5000819253,-78.287090465843,44.8228360595307
5000760204,-78.282473858298,44.8228476639935
5000701155,-78.2778572902237,44.8228591034195
5000642106,-78.2732407616569,44.8228703778134
5000583057,-78.2686242726343,44.8228814871797
5000524008,-78.2640078231928,44.8228924315232
5000464959,-78.2593914133692,44.8229032108483
5000405910,-78.2547750432004,44.8229138251597
5000346861,-78.250158712723,44.822924274462
5001606572,-78.3493835626264,44.8237471561513
5001547523,-78.3447663430641,44.8237609974598
5001488474,-78.3401491624809,44.8237746736698
5001429425,-78.3355320209138,44.8237881847857
5001370376,-78.3309149183994,44.8238015308122
5001311327,-78.3262978549748,44.8238147117538
5001252278,-78.3216808306767,44.823827727615
5001193229,-78.3170638455419,44.8238405784004
5001134180,-78.3124468996073,44.8238532641146
5001075131,-78.3078299929097,44.8238657847621
5001016082,-78.303213125486,44.8238781403474
5000957033,-78.2985962973729,44.8238903308753
5000897984,-78.2939795086074,44.8239023563502
5000838935,-78.2893627592262,44.8239142167767
5000779886,-78.2847460492661,44.8239259121594
5000720837,-78.2801293787641,44.8239374425029
5000661788,-78.2755127477568,44.8239488078117
5000602739,-78.2708961562811,44.8239600080906
5000543690,-78.2662796043739,44.823971043344
5000484641,-78.261663092072,44.8239819135766
5000425592,-78.257046619412,44.8239926187929
5000366543,-78.252430186431,44.8240031589977
5001567206,-78.3470399538253,44.8248380148147
5001508157,-78.3424226709805,44.8248517819773
5001449108,-78.337805427139,44.8248653840434
5001390059,-78.3331882223376,44.8248788210175
5001331010,-78.3285710566131,44.8248920929043
5001271961,-78.3239539300024,44.8249051997082
5001212912,-78.3193368425424,44.8249181414338
5001153863,-78.3147197942699,44.8249309180857
5001094814,-78.3101027852217,44.8249435296684
5001035765,-78.3054858154346,44.8249559761865
5000976716,-78.3008688849455,44.8249682576446
5000917667,-78.2962519937913,44.8249803740472
5000858618,-78.2916351420087,44.8249923253989
5000799569,-78.2870183296345,44.8250041117044
5000740520,-78.2824015567057,44.8250157329681
5000681471,-78.277784823259,44.8250271891947
5000622422,-78.2731681293313,44.8250384803888
5000563373,-78.2685514749593,44.8250496065549
5000504324,-78.2639348601799,44.8250605676978
5000445275,-78.2593182850299,44.8250713638218
5000386226,-78.2547017495462,44.8250819949318
5001586889,-78.3493136539775,44.8259149835105
5001527840,-78.344696268872,44.8259288416285
5001468791,-78.3400789227571,44.8259425346475
5001409742,-78.3354616156696,44.825956062572
5001350693,-78.3308443476464,44.8259694254067
5001291644,-78.3262271187242,44.8259826231561
5001232595,-78.32160992894,44.8259956558246
5001173546,-78.3169927783305,44.826008523417
5001114497,-78.3123756669327,44.8260212259377
5001055448,-78.3077585947833,44.8260337633913
5000996399,-78.3031415619192,44.8260461357823
5000937350,-78.2985245683772,44.8260583431154
5000878301,-78.2939076141942,44.8260703853952
5000819252,-78.289290699407,44.8260822626261
5000327177,-78.2500852537654,44.8250924610323
5001547522,-78.3469699561592,44.8270058526209
5001488473,-78.342352507772,44.8270196365956
5001429424,-78.3377350983994,44.8270332554734
5001370375,-78.3331177280784,44.8270467092588
5001311326,-78.3285003968457,44.8270599979563
5001252277,-78.3238831047383,44.8270731215706
5000760203,-78.2846738240524,44.8260939748129
5000701154,-78.2800569881673,44.82610552196
5000642105,-78.2754401917885,44.8261169040721
5000583056,-78.2708234349527,44.8261281211538
5000524007,-78.2662067176969,44.8261391732096
5000464958,-78.2615900400578,44.8261500602442
5000405909,-78.2569734020723,44.8261607822622
5000346860,-78.2523568037772,44.8261713392681
5001567205,-78.3492437328458,44.8280828149525
5001193228,-78.3192658517929,44.8270860801062
5001134179,-78.3146486380465,44.8270988735676
5001075130,-78.3100314635358,44.8271115019595
5001016081,-78.3054143282977,44.8271239652863
5000957032,-78.300797232369,44.8271362635527
5000897983,-78.2961801757866,44.8271483967632
5000838934,-78.2915631585873,44.8271603649225
5000779885,-78.286946180808,44.827172168035
5000720836,-78.2823292424854,44.8271838061054
5000661787,-78.2777123436565,44.8271952791383
5000602738,-78.2730954843579,44.8272065871382
5000543689,-78.2684786646267,44.8272177301098
5000484640,-78.2638618844995,44.8272287080577
5000425591,-78.2592451440132,44.8272395209865
5000366542,-78.2546284432047,44.8272501689007
5000307493,-78.2500117821106,44.827260651805
5001508156,-78.3446261821873,44.8280966898856
5001449107,-78.3400086705307,44.8281103997193
5001390058,-78.3353911979129,44.8281239444582
5001331009,-78.3307737643708,44.8281373241067
5001271960,-78.3261563699411,44.8281505386695
5001212911,-78.3215390146609,44.8281635881511
5001153862,-78.3169216985668,44.828176472556
5001094813,-78.3123044216958,44.8281891918889
5001035764,-78.3076871840847,44.8282017461542
5000976715,-78.3030699857703,44.8282141353567
5000917666,-78.2984528267895,44.8282263595007
5000858617,-78.2938357071792,44.828238418591
5000799568,-78.2892186269761,44.8282503126321
5000740519,-78.2846015862171,44.8282620416286
5000681470,-78.279984584939,44.828273605585
5000622421,-78.2753676231787,44.828285004506
5000563372,-78.2707507009729,44.8282962383961
5000504323,-78.2661338183586,44.8283073072601
5000445274,-78.2615169753726,44.8283182111024
5000386225,-78.2569001720516,44.8283289499276
5000327176,-78.2522834084325,44.8283395237405
5001527839,-78.3468999460067,44.8291736945152
5001468790,-78.3422823320671,44.8291874953076
5001409741,-78.3376647571536,44.8292011310026
5001350692,-78.333047221303,44.8292146016049
5001291643,-78.3284297245522,44.829227907119
5001232594,-78.3238122669381,44.8292410475493
5001173545,-78.3191948484974,44.8292540229005
5001114496,-78.3145774692671,44.8292668331772
5001055447,-78.309960129284,44.8292794783839
5000996398,-78.3053428285849,44.8292919585251
5000937349,-78.3007255672067,44.8293042736055
5000878300,-78.2961083451863,44.8293164236296
5000819251,-78.2914911625604,44.829328408602
5000760202,-78.286874019366,44.8293402285272
5000701153,-78.2822569156398,44.82935188341
5000642104,-78.2776398514187,44.8293633732548
5000583055,-78.2730228267395,44.8293746980663
5000524006,-78.2684058416391,44.829385857849
5000464957,-78.2637888961542,44.8293968526077
5000405908,-78.2591719903217,44.8294076823467
5000346859,-78.2545551241785,44.8294183470709
5000287810,-78.2499382977614,44.8294288467848
5001547521,-78.349173799234,44.830250650482
5001488472,-78.3445560830125,44.8302645422359
5001429423,-78.3399384058042,44.8302782688899
5001370374,-78.3353207676462,44.8302918304487
5001311325,-78.3307031685753,44.8303052269168
5001252276,-78.3260856086282,44.8303184582987
5001193227,-78.321468087842,44.8303315245989
5001134178,-78.3168506062534,44.8303444258221
5001075129,-78.3122331638993,44.8303571619729
5001016080,-78.3076157608166,44.8303697330557
5000957031,-78.302998397042,44.8303821390751
5000897982,-78.2983810726125,44.8303943800358
5000838933,-78.2937637875649,44.8304064559423
5000779884,-78.289146541936,44.8304183667991
5000720835,-78.2845293357626,44.830430112611
5000661786,-78.2799121690817,44.8304416933824
5000602737,-78.2752950419301,44.830453109118
5000543688,-78.2706779543445,44.8304643598223
5000484639,-78.2660609063618,44.8304754455
5000425590,-78.2614438980189,44.8304863661557
5000366541,-78.2568269293526,44.830497121794
5000307492,-78.2522100003996,44.8305077124194
5001508155,-78.3468299233705,44.831341540502
5001449106,-78.3422121438686,44.8313553581178
5001390057,-78.3375944034041,44.8313690106358
5001331008,-78.3329767020141,44.8313824980607
5001271959,-78.3283590397352,44.8313958203968
5001212910,-78.3237414166044,44.8314089776489
5001153861,-78.3191238326585,44.8314219698214
5001094812,-78.3145062879344,44.831434796919
5001035763,-78.309888782469,44.8314474589461
5000976714,-78.3052713162991,44.8314599559074
5000917665,-78.3006538894615,44.8314722878074
5000858616,-78.2960365019931,44.8314844546508
5000799567,-78.2914191539307,44.831496456442
5000740518,-78.2868018453113,44.8315082931857
5000681469,-78.2821845761715,44.8315199648865
5000622420,-78.2775673465484,44.8315314715489
5000563371,-78.2729501564787,44.8315428131777
5000504322,-78.2683330059992,44.8315539897772
5000445273,-78.2637158951468,44.8315650013523
5000386224,-78.2590988239583,44.8315758479074
5000327175,-78.2544817924706,44.8315865294472
5000268126,-78.2498648007204,44.8315970459763
5001527838,-78.3491038531449,44.8324184901035
5001468789,-78.3444859713503,44.8324323986839
5001409740,-78.3398681285805,44.8324461421639
5001350691,-78.3352503248723,44.8324597205483
5001291642,-78.3306325602626,44.8324731338416
5001232593,-78.3260148347883,44.8324863820482
5001173544,-78.3213971484861,44.8324994651728
5001114495,-78.3167795013931,44.8325123832199
5001055446,-78.312161893546,44.8325251361942
5000996397,-78.3075443249817,44.8325377241001
5000937348,-78.302926795737,44.8325501469422
5000878299,-78.2983093058489,44.8325624047252
5000819250,-78.2936918553541,44.8325744974536
5000760201,-78.2890744442895,44.8325864251319
5000701152,-78.2844570726919,44.8325981877648
5000642103,-78.2798397405983,44.8326097853569
5000583054,-78.2752224480454,44.8326212179127
5000524005,-78.27060519507,44.832632485437
5000464956,-78.2659879817091,44.8326435879341
5000405907,-78.2613708079995,44.8326545254089
5000346858,-78.2567536739779,44.8326652978658
5000287809,-78.2521365796813,44.8326759053095
5001488471,-78.3467598882532,44.8335093905859
5001429422,-78.342141943179,44.8335232250308
5001370373,-78.3375240371538,44.8335368943775
5001311324,-78.3329061702142,44.8335503986305
5001252275,-78.3282883423974,44.8335637377945
5001193226,-78.32367055374,44.833576911874
5001134177,-78.319052804279,44.8335899208735
5001075128,-78.3144350940512,44.8336027647976
5001016079,-78.3098174230936,44.8336154436509
5000957030,-78.3051997914428,44.8336279574379
5000897981,-78.3005821991359,44.8336403061633
5000838932,-78.2959646462097,44.8336524898315
5000779883,-78.2913471327009,44.8336645084473
5000720834,-78.2867296586466,44.8336763620151
5000661785,-78.2821122240834,44.8336880505396
5000602736,-78.2774948290483,44.8336995740253
5000543687,-78.2728774735781,44.8337109324769
5000484638,-78.2682601577097,44.833722125899
5000425589,-78.2636428814799,44.8337331542961
5000366540,-78.2590256449255,44.833744017673
5000307491,-78.2544084480834,44.8337547160341
5000248442,-78.2497912909904,44.8337652493841
5001508154,-78.349033894581,44.8345863338217
5001449105,-78.3444158472035,44.8346002592342
5001390056,-78.3397978388621,44.8346140195459
5001331007,-78.3351798695938,44.8346276147616
5001271958,-78.3305619394355,44.8346410448856
5001212909,-78.3259440484239,44.8346543099227
5001153860,-78.3213261965959,44.8346674098773
5001094811,-78.3167083839885,44.8346803447541
5001035762,-78.3120906106385,44.8346931145575
5000976713,-78.3074728765827,44.8347057192922
5000917664,-78.302855181858,44.8347181589627
5000858615,-78.2982375265013,44.8347304335736
5000799566,-78.2936199105494,44.8347425431295
5000740517,-78.2890023340392,44.834754487635
5000681468,-78.2843847970076,44.8347662670947
5000622419,-78.2797672994913,44.8347778815131
5000563370,-78.2751498415273,44.8347893308949
5000504321,-78.2705324231523,44.8348006152446
5000445272,-78.2659150444033,44.834811734567
5000386223,-78.2612977053171,44.8348226888664
5000327174,-78.2566804059305,44.8348334781477
5000268125,-78.2520631462803,44.8348441024154
5001468788,-78.3466898406576,44.8356772447717
5001409739,-78.3420717300012,44.8356910960513
5001350690,-78.3374536584051,44.8357047822323
5001291641,-78.3328356259063,44.8357183033192
5001232592,-78.3282176325415,44.8357316593167
5001173543,-78.3235996783476,44.8357448502292
5001114494,-78.3189817633615,44.8357578760613
5001055445,-78.3143638876201,44.8357707368176
5000996396,-78.3097460511603,44.8357834325027
5000937347,-78.3051282540189,44.8357959631212
5000878298,-78.3005104962327,44.8358083286775
5000819249,-78.2958927778387,44.8358205291764
5000760200,-78.2912750988737,44.8358325646223
5000701151,-78.2866574593745,44.8358444350199
5000642102,-78.2820398593781,44.8358561403738
5000583053,-78.2774222989212,44.8358676806886
5000524004,-78.2728047780407,44.8358790559687
5000464955,-78.2681872967735,44.835890266219
5000405906,-78.2635698551564,44.8359013114439
5000346857,-78.2589524532262,44.8359121916482
5000287808,-78.2543350910199,44.8359229068363
5000228759,-78.2497177685741,44.8359334570129
5001527837,-78.3513079903374,44.835663228389
5001488470,-78.3489639235451,44.8367541816412
5001429421,-78.3443457105747,44.8367681238914
5001370372,-78.3397275366519,44.8367819010405
5001311323,-78.3351094018135,44.836795513093
5001252274,-78.3304913060965,44.8368089600536
5001193225,-78.3258732495377,44.8368222419268
5001134176,-78.3212552321741,44.8368353587171
5001075127,-78.3166372540423,44.8368483104291
5001016078,-78.3120193151795,44.8368610970674
5000957029,-78.3074014156223,44.8368737186365
5000897980,-78.3027835554077,44.8368861751411
5000838931,-78.2981657345725,44.8368984665856
5000779882,-78.2935479531537,44.8369105929748
5000720833,-78.288930211188,44.8369225543131
5000661784,-78.2843125087124,44.8369343506052
5000602735,-78.2796948457636,44.8369459818556
5000543686,-78.2750772223786,44.8369574480691
5000484637,-78.2704596385941,44.83696874925
5000425588,-78.2658420944471,44.8369798854032
5000366539,-78.2612245899744,44.8369908565331
5000307490,-78.2566071252129,44.8370016626444
5000248441,-78.2519897001993,44.8370123037418
5001449104,-78.3466197805863,44.8378451030638
5001390055,-78.3420015043378,44.8378589711838
5001331006,-78.337383267161,44.8378726742048
5001271957,-78.3327650690928,44.8378862121312
5001212908,-78.3281469101701,44.8378995849678
5001153859,-78.3235287904298,44.8379127927191
5001094810,-78.3189107099088,44.8379258353895
5001035761,-78.3142926686439,44.8379387129837
5000976712,-78.309674666672,44.8379514255063
5000917663,-78.30505670403,44.8379639729619
5000858614,-78.3004387807547,44.8379763553549
5000799565,-78.295820896883,44.83798857269
5000740516,-78.2912030524518,44.8380006249718
5000681467,-78.2865852474979,44.8380125122049
5000622418,-78.2819674820583,44.8380242343939
5000563369,-78.2773497561697,44.8380357915433
5000504320,-78.272732069869,44.8380471836577
5000445271,-78.2681144231931,44.8380584107419
5000386222,-78.2634968161788,44.8380694728003
5000327173,-78.2588792488631,44.8380803698376
5001508153,-78.3512380958697,44.8378310698403
5001468787,-78.3488939400398,44.8389220335665
5001409738,-78.3442755614666,44.8389359926601
5001350689,-78.3396572219524,44.8389497866522
5001291640,-78.335038921534,44.8389634155473
5001232591,-78.3304206602485,44.8389768793501
5001173542,-78.3258024381326,44.838990178065
5001114493,-78.3211842552232,44.8390033116967
5001055444,-78.3165661115573,44.8390162802496
5000996395,-78.3119480071717,44.8390290837284
5000937346,-78.3073299421032,44.8390417221377
5000878297,-78.3027119163888,44.839054195482
5000819248,-78.2980939300653,44.8390665037659
5000760199,-78.2934759831696,44.8390786469939
5000268124,-78.2542617212826,44.8380911018584
5000209075,-78.2496442334743,44.8381016688674
5001429420,-78.346549708042,44.8400129654669
5001370371,-78.3419312661914,44.840026850433
5001311322,-78.3373128634239,44.8400405702995
5001252273,-78.3326944997765,44.8400541250713
5001193224,-78.3280761752861,44.8400675147526
5001134175,-78.3234578899894,44.8400807393483
5000701150,-78.2888580757385,44.8390906251708
5000642101,-78.284240207809,44.839102438301
5000583052,-78.2796223794178,44.8391140863891
5000524003,-78.2750045906019,44.8391255694399
5000464954,-78.2703868413981,44.8391368874578
5000405905,-78.2657691318432,44.8391480404475
5000346856,-78.2611514619742,44.8391590284135
5000287807,-78.2565338318278,44.8391698513606
5000228758,-78.251916241441,44.8391805092933
5001488469,-78.3511681889389,44.8399989153969
5001075126,-78.3188396439235,44.8400937988627
5001016077,-78.3142214371251,44.8401066933005
5000957028,-78.3096032696313,44.8401194226663
5000897979,-78.3049851414787,44.8401319869646
5000838930,-78.3003670527044,44.8401443862
5000779881,-78.2957490033452,44.8401566203771
5000720832,-78.2911309934379,44.8401686895004
5000661783,-78.2865130230195,44.8401805935747
5000602734,-78.2818950921267,44.8401923326044
5000543685,-78.2772772007966,44.8402039065941
5000484636,-78.2726593490658,44.8402153155486
5000425587,-78.2680415369714,44.8402265594723
5000366538,-78.2634237645501,44.8402376383699
5000307489,-78.2588060318388,44.840248552246
5000248440,-78.2541883388743,44.8402593011052
5000189391,-78.2495706856936,44.8402698849521
5001449103,-78.3488239440679,44.8410898896022
5001390054,-78.3442053998819,44.8411038655449
5001331005,-78.3395868947663,44.8411176763857
5001271956,-78.3349684287581,44.8411313221291
5001212907,-78.330350001894,44.8411448027797
5001153858,-78.3257316142111,44.8411581183421
5001094809,-78.3211132657462,44.8411712688207
5001035760,-78.3164949565361,44.8411842542203
5000976711,-78.3118766866178,44.8411970745453
5000917662,-78.3072584560282,44.8412097298004
5000858613,-78.302640264804,44.8412222199901
5000799564,-78.2980221129823,44.841234545119
5000740515,-78.2934040005998,44.8412467051916
5000681466,-78.2887859276935,44.8412587002127
5000622417,-78.2841678943002,44.8412705301867
5000563368,-78.2795499004567,44.8412821951183
5000504319,-78.2749319462,44.841293695012
5000445270,-78.270314031567,44.8413050298725
5000386221,-78.2656961565944,44.8413161997044
5000327172,-78.2610783213192,44.8413272045123
5000268123,-78.2564605257781,44.8413380443008
5000209074,-78.2518427700081,44.8413487190746
5001468786,-78.3510982695478,44.8421667650635
5001409737,-78.3464796230275,44.8421808319856
5001350688,-78.3418610155648,44.8421947338034
5001291639,-78.3372424471968,44.8422084705212
5001232590,-78.3326239179602,44.8422220421439
5001173541,-78.328005427892,44.8422354486757
5001114492,-78.3233869770291,44.8422486901214
5001055443,-78.3187685654083,44.8422617664855
5000996394,-78.3141501930666,44.8422746777726
5000937345,-78.3095318600409,44.8422874239872
5000878296,-78.3049135663679,44.8423000051339
5000819247,-78.3002953120847,44.8423124212174
5000760198,-78.295677097228,44.8423246722421
5000701149,-78.2910589218347,44.8423367582127
5000642100,-78.2864407859418,44.8423486791338
5000583051,-78.2818226895861,44.8423604350099
5000524002,-78.2772046328045,44.8423720258458
5000464953,-78.2725866156338,44.8423834516459
5000405904,-78.267968638111,44.8423947124148
5000346855,-78.2633507002728,44.8424058081573
5000287806,-78.2587328021561,44.8424167388779
5000228757,-78.2541149437978,44.8424275045812
5000169708,-78.2494971252348,44.8424381052718
5001429419,-78.348753935632,44.8432577497529
5001370370,-78.3441352258233,44.8432717425504
5001311321,-78.3395165550964,44.8432855702455
5001252272,-78.3348979234883,44.8432992328429
5001193223,-78.3302793310359,44.843312730347
5001134174,-78.325660777776,44.8433260627625
5001075125,-78.3210422637456,44.8433392300939
5001016076,-78.3164237889815,44.8433522323458
5000957027,-78.3118053535206,44.8433650695227
5000897978,-78.3071869573998,44.8433777416292
5000838929,-78.3025686006561,44.84339024867
5000779880,-78.2979502833262,44.8434025906496
5000720831,-78.293332005447,44.8434147675725
5000661782,-78.2887137670556,44.8434267794434
5000602733,-78.2840955681886,44.8434386262669
5000543684,-78.279477408883,44.8434503080476
5000484635,-78.2748592891757,44.84346182479
5000425586,-78.2702412091035,44.8434731764989
5000366537,-78.2656231687033,44.8434843631787
5000307488,-78.261005168012,44.8434953848341
5000248439,-78.2563872070665,44.8435062414698
5000189390,-78.2517692859035,44.8435169330902
5001449102,-78.3510283376991,44.8443346188445
5001390053,-78.3464095255454,44.8443487026245
5001331004,-78.3417907524607,44.8443626212996
5001271955,-78.3371720184821,44.8443763748745
5001212906,-78.3325533236465,44.8443899633536
5001153857,-78.3279346679907,44.8444033867417
5001094808,-78.3233160515516,44.8444166450431
5001035759,-78.3186974743661,44.8444297382626
5000976710,-78.3140789364711,44.8444426664046
5000917661,-78.3094604379035,44.8444554294737
5000858612,-78.3048419787003,44.8444680274746
5000799563,-78.3002235588982,44.8444804604117
5000740514,-78.2956051785341,44.8444927282898
5000681465,-78.290986837645,44.8445048311133
5000622416,-78.2863685362678,44.844516768887
5000563367,-78.2817502744392,44.8445285416152
5000504318,-78.2771320521963,44.8445401493028
5000445269,-78.2725138695758,44.8445515919543
5000386220,-78.2678957266146,44.8445628695742
5000327171,-78.2632776233497,44.8445739821672
5000268122,-78.2586595598178,44.844584929738
5000209073,-78.2540415360558,44.8445957122911
5000150024,-78.2494235521007,44.8446063298312
5001409736,-78.3486839147348,44.8454256140233
5001350687,-78.3440650392935,44.8454396236812
5001291638,-78.3394462029454,44.8454534682364
5001232589,-78.3348274057275,44.8454671476933
5001173540,-78.3302086476768,44.8454806620567
5001114491,-78.32558992883,44.8454940113309
5001055442,-78.3209712492242,44.8455071955207
5000996393,-78.3163526088961,44.8455202146306
5000937344,-78.3117340078827,44.8455330686651
5000878295,-78.3071154462209,44.8455457576288
5000819246,-78.3024969239477,44.8455582815264
5000760197,-78.2978784410997,44.8455706403623
5000701148,-78.293259997714,44.8455828341412
5000642099,-78.2886415938275,44.8455948628677
5000583050,-78.284023229477,44.8456067265464
5000524001,-78.2794049046994,44.8456184251818
5000464952,-78.2747866195316,44.8456299587787
5000405903,-78.2701683740104,44.8456413273415
5000346854,-78.2655501681728,44.8456525308749
5000287805,-78.2609320020555,44.8456635693836
5000228756,-78.2563138756956,44.8456744428721
5000169707,-78.2516957891298,44.845685151345
5001429418,-78.3509583933955,44.8465024767447
5001370369,-78.3463394155984,44.8465165773881
5001311320,-78.3417204768818,44.8465305129263
5001252271,-78.3371015772828,44.8465442833638
5001193222,-78.3324827168381,44.8465578887052
5001134173,-78.3278638955847,44.8465713289551
5001075124,-78.3232451135595,44.846584604118
5001016075,-78.3186263707994,44.8465977141984
5000957026,-78.3140076673412,44.8466106592011
5000897977,-78.3093890032219,44.8466234391304
5000838928,-78.3047703784784,44.8466360539911
5000779879,-78.3001517931476,44.8466485037877
5000720830,-78.2955332472663,44.8466607885248
5000661781,-78.2909147408715,44.8466729082069
5000602732,-78.286296274,44.8466848628388
5000543683,-78.2816778466887,44.8466966524249
5000484634,-78.2770594589746,44.8467082769699
5000425585,-78.2724411108944,44.8467197364784
5000366536,-78.2678228024851,44.846731030955
5000307487,-78.2632045337835,44.8467421604043
5000248438,-78.2585863048265,44.8467531248309
5000189389,-78.253968115651,44.8467639242395
5000130340,-78.2493499662939,44.8467745586347
5001390052,-78.3486138813792,44.847593482418
5001331003,-78.3439948402952,44.847607508942
5001271954,-78.339375838316,44.8476213703629
5001212905,-78.3347568754784,44.8476350666851
5001153856,-78.3301379518194,44.8476485979133
5001094807,-78.3255190673758,44.8476619640521
5001035758,-78.3209002221846,44.8476751651059
5000976709,-78.3162814162827,44.8476882010794
5000917660,-78.3116626497069,44.8477010719772
5000858611,-78.3070439224942,44.8477137778038
5000799562,-78.3024252346815,44.8477263185638
5000740513,-78.2978065863056,44.8477386942617
5000681464,-78.2931879774035,44.8477509049023
5000622415,-78.2885694080121,44.8477629504901
5000563366,-78.2839508781681,44.8477748310297
5000504317,-78.2793323879086,44.8477865465256
5000445268,-78.2747139372704,44.8477980969825
5000386219,-78.2700955262904,44.8478094824051
5000327170,-78.2654771550054,44.8478207027978
5000268121,-78.2608588234524,44.8478317581654
5000209072,-78.2562405316682,44.8478426485124
5000150023,-78.2516222796898,44.8478533738435
5001409735,-78.3508884366396,44.8486703387686
5001350686,-78.3462692931892,44.8486844562812
5001291637,-78.3416501888308,44.8486984086881
5001232588,-78.3370311236014,44.8487121959939
5001173539,-78.3324120975378,44.8487258182033
5001114490,-78.3277931106769,44.8487392753207
5001055441,-78.3231741630556,44.8487525673506
5000996392,-78.3185552547109,44.8487656942978
5000937343,-78.3139363856797,44.8487786561667
5000878294,-78.3093175559988,44.848791452962
5000819245,-78.3046987657052,44.8488040846882
5000760196,-78.3000800148357,44.8488165513499
5000701147,-78.2954613034273,44.8488288529517
5000642098,-78.2908426315169,44.8488409894981
5000583049,-78.2862239991413,44.8488529609939
5000524000,-78.2816054063374,44.8488647674435
5000464951,-78.2769868531421,44.8488764088517
5000405902,-78.2723683395924,44.8488878852229
5000346853,-78.2677498657251,44.8488991965619
5000287804,-78.263131431577,44.8489103428731
5000228755,-78.2585130371851,44.8489213241614
5000169706,-78.2538946825862,44.8489321404312
5000110657,-78.2492763678173,44.8489427916872
5001370368,-78.3485438355676,44.8497613549415
5001311319,-78.3439246288311,44.8497753983373
5001252270,-78.3393054612108,44.8497892766295
5001193221,-78.3346863327436,44.8498029898227
5001134172,-78.3300672434664,44.8498165379215
5001075123,-78.3254481934161,44.8498299209304
5001016074,-78.3208291826297,44.849843138854
5000957025,-78.316210211144,44.8498561916969
5000897976,-78.3115912789959,44.8498690794636
5000838927,-78.3069723862224,44.8498818021587
5000779878,-78.3023535328604,44.8498943597869
5000720829,-78.2977347189467,44.8499067523526
5000661780,-78.2931159445182,44.8499189798605
5000602731,-78.2884972096119,44.8499310423153
5000543682,-78.2838785142647,44.8499429397214
5000484633,-78.2792598585134,44.8499546720835
5000425584,-78.2746412423949,44.8499662394062
5000366535,-78.2700226659462,44.8499776416942
5000307486,-78.265404129204,44.8499888789519
5000248437,-78.2607856322054,44.8499999511842
5000189388,-78.2561671749871,44.8500108583954
5000130339,-78.2515487575861,44.8500216005904
5001390051,-78.3508184674341,44.8508382049208
5001331002,-78.3461991583205,44.8508523393082
5001271953,-78.3415798883104,44.8508663085896
5001212904,-78.3369606574406,44.8508801127694
5001153855,-78.3323414657481,44.8508937518523
5001094806,-78.3277223132699,44.8509072258429
5001035757,-78.3231032000427,44.8509205347457
5000976708,-78.3184841261035,44.8509336785653
5000917659,-78.3138650914893,44.8509466573062
5000858610,-78.3092460962369,44.850959470973
5000799561,-78.3046271403832,44.8509721195704
5000740512,-78.3000082239653,44.8509846031029
5000681463,-78.2953893470198,44.8509969215751
5000622414,-78.2907705095839,44.8510090749916
5000563365,-78.2861517116943,44.8510210633569
5000504316,-78.2815329533879,44.8510328866758
5000445267,-78.2769142347017,44.8510445449528
5000386218,-78.2722955556725,44.8510560381925
5000327169,-78.2676769163373,44.8510673663995
5000268120,-78.2630583167329,44.8510785295785
5001350685,-78.3484737773029,44.8519292315985
5001291636,-78.343854404904,44.8519432918718
5001232587,-78.3392350716326,44.851957187041
5001173538,-78.3346157775259,44.8519709171109
5001114489,-78.3299965226206,44.8519844820859
5001055440,-78.3253773069537,44.8519978819706
5000996391,-78.320758130562,44.8520111167697
5000937342,-78.3161389934827,44.8520241864876
5000878293,-78.3115198957524,44.8520370911289
5000819244,-78.3069008374082,44.8520498306983
5000760195,-78.3022818184869,44.8520624052003
5000701146,-78.2976628390255,44.8520748146395
5000209071,-78.2584397568962,44.851089527734
5000150022,-78.2538212368641,44.8511003608707
5000090973,-78.2492027566735,44.8511110289932
5001370367,-78.3507484857819,44.853006075206
5001311318,-78.3461290109951,44.8530202264739
5001252269,-78.3415095753233,44.8530342126353
5001193220,-78.3368901788033,44.8530480336949
5001134171,-78.332270821472,44.8530616896571
5001075122,-78.3276515033664,44.8530751805265
5000642097,-78.2930438990608,44.8520870590205
5000583048,-78.2884249986299,44.8520991383479
5000523999,-78.2838061377694,44.8521110526263
5000464950,-78.2791873165165,44.8521228018603
5000405901,-78.2745685349079,44.8521343860545
5000346852,-78.2699497929806,44.8521458052135
5000287803,-78.2653310907714,44.852157059342
5000228754,-78.2607124283173,44.8521681484445
5000169705,-78.2560938056551,44.8521790725258
5000110656,-78.2514752228217,44.8521898315903
5001016073,-78.3230322245233,44.8530885063078
5000957024,-78.3184129849798,44.8531016670054
5000897975,-78.3137937847727,44.853114662624
5000838926,-78.3091746239389,44.8531274931682
5000779877,-78.3045555025153,44.8531401586424
5000720828,-78.2999364205389,44.8531526590514
5000661779,-78.2953173780466,44.8531649943997
5000602730,-78.2906983750752,44.8531771646919
5000543681,-78.2860794116618,44.8531891699326
5000484632,-78.281460487843,44.8532010101264
5000425583,-78.276841603656,44.8532126852779
5000366534,-78.2722227591376,44.8532241953917
5000307485,-78.2676039543246,44.8532355404725
5000248436,-78.262985189254,44.8532467205249
5000189387,-78.2583664639627,44.8532577355534
5000130338,-78.2537477784875,44.8532685855627
5000071289,-78.2491291328653,44.8532792705575
5001331001,-78.3484037065877,44.8540971123936
5001271952,-78.3437841685164,44.85411118955
5001212903,-78.3391646695842,44.854125101602
5001153854,-78.3345452098279,44.8541388485542
5001094805,-78.3299257892846,44.8541524304111
5001035756,-78.3253064079911,44.8541658471774
5000976707,-78.3206870659845,44.8541790988575
5000917658,-78.3160677633015,44.8541921854561
5000858609,-78.3114484999791,44.8542051069778
5000799560,-78.3068292760543,44.8542178634271
5000740511,-78.3022100915639,44.8542304548087
5000681462,-78.2975909465449,44.854242881127
5000622413,-78.2929718410341,44.8542551423867
5000563364,-78.2883527750686,44.8542672385925
5000504315,-78.2837337486851,44.8542791697489
5000445266,-78.2791147619206,44.8542909358605
5000386217,-78.2744958148121,44.8543025369319
5000327168,-78.2698769073963,44.8543139729677
5000268119,-78.2652580397102,44.8543252439726
5000209070,-78.2606392117907,44.8543363499512
5000150021,-78.2560204236747,44.8543472909081
5000090972,-78.2514016753991,44.854358066848
5001350684,-78.3506784916855,44.8551739496287
5001291635,-78.3460588512157,44.8551881177828
5001232586,-78.3414392498722,44.85520212083
5001173537,-78.336819687692,44.8552159587749
5001114488,-78.332200164712,44.8552296316221
5001055439,-78.3275806809692,44.8552431393761
5000996390,-78.3229612365004,44.8552564820415
5000937341,-78.3183418313426,44.855269659623
5000878292,-78.3137224655326,44.8552826721249
5000819243,-78.3091031391075,44.8552955195521
5000760194,-78.3044838521042,44.8553082019089
5000701145,-78.2998646045595,44.8553207192001
5000642096,-78.2952453965103,44.8553330714302
5000583047,-78.2906262279937,44.8553452586037
5000523998,-78.2860070990465,44.8553572807255
5000464949,-78.2813880097055,44.8553691377999
5000405900,-78.2767689600078,44.8553808298316
5000346851,-78.2721499499902,44.8553923568253
5000287802,-78.2675309796896,44.8554037187856
5000228753,-78.262912049143,44.855414915717
5000169704,-78.2582931583871,44.8554259476243
5000110655,-78.253674307459,44.8554368145119
5000051606,-78.2490554963955,44.8554475163847
5001311317,-78.3483336234249,44.8562649973314
5001252268,-78.3437139196712,44.8562790913766
5001193219,-78.3390942550681,44.856293020317
5001134170,-78.3344746296525,44.8563067841572
5001075121,-78.3298550434612,44.8563203829017
5001016072,-78.3252354965313,44.8563338165552
5000957023,-78.3206159888996,44.8563470851222
5000897974,-78.3159965206032,44.8563601886072
5000838925,-78.3113770916788,44.8563731270149
5000779876,-78.3067577021635,44.8563859003499
5000720827,-78.3021383520941,44.8563985086166
5000661778,-78.2975190415076,44.8564109518198
5000602729,-78.2928997704408,44.856423229964
5000543680,-78.2882805389308,44.8564353430538
5000484631,-78.2836613470144,44.8564472910939
5000425582,-78.2790421947286,44.8564590740888
5000366533,-78.2744230821101,44.8564706920431
5000307484,-78.2698040091961,44.8564821449615
5000248435,-78.2651849760232,44.8564934328485
5000189386,-78.2605659826285,44.8565045557089
5000130337,-78.2559470290489,44.8565155135471
5000071288,-78.2513281153212,44.856526306368
5001331000,-78.3506084851477,44.8573418281935
5001271951,-78.3459886789849,44.8573560132395
5001212902,-78.3413689119599,44.8573700331782
5001153853,-78.3367491841096,44.8573838880141
5001094804,-78.332129495471,44.857397577752
5001035755,-78.327509846081,44.8574111023963
5000976706,-78.3228902359765,44.8574244619516
5000917657,-78.3182706651945,44.8574376564225
5000858608,-78.3136511337718,44.8574506858135
5000799559,-78.3090316417455,44.8574635501293
5000740510,-78.3044121891525,44.8574762493744
5000681461,-78.2997927760296,44.8574887835535
5000622412,-78.2951734024138,44.8575011526711
5000563363,-78.290554068342,44.8575133567318
5000504314,-78.2859347738511,44.8575253957402
5000445265,-78.2813155189781,44.857537269701
5000386216,-78.2766963037598,44.8575489786187
5000327167,-78.2720771282332,44.8575605224979
5000268118,-78.2674579924352,44.8575719013434
5000209069,-78.2628388964026,44.8575831151596
5000150020,-78.2582198401724,44.8575941639513
5000090971,-78.2536008237816,44.857605047723
5000031922,-78.2489818472669,44.8576157664794
5001291634,-78.348263527817,44.8584328864164
5001232585,-78.3436436583711,44.8584469973561
5001173536,-78.3390238280872,44.8584609431907
5001114487,-78.3344040370022,44.8584747239246
5001055438,-78.3297842851531,44.8584883395625
5000996389,-78.3251645725768,44.8585017901088
5000937340,-78.3205448993103,44.8585150755683
5000878291,-78.3159252653904,44.8585281959455
5000819242,-78.3113056708542,44.8585411512449
5000760193,-78.3066861157384,44.8585539414712
5000701144,-78.3020666000802,44.8585665666288
5000642095,-78.2974471239163,44.8585790267226
5000583046,-78.2928276872837,44.8585913217569
5000523997,-78.2882082902193,44.8586034517365
5000464948,-78.2835889327602,44.858615416666
5000405899,-78.278969614943,44.8586272165498
5000346850,-78.2743503368049,44.8586388513928
5000287801,-78.2697310983826,44.8586503211994
5000228752,-78.2651118997132,44.8586616259743
5000169703,-78.2604927408334,44.8586727657221
5000110654,-78.2558736217803,44.8586837404475
5000051605,-78.2512545425907,44.858694550155
5001311316,-78.3505384661713,44.8595097109052
5001252267,-78.3459184943055,44.8595239128487
5001193218,-78.341298561589,44.8595379496845
5001134169,-78.3366786680587,44.8595518214172
5001075120,-78.3320588137515,44.8595655280514
5001016071,-78.3274389987045,44.8595790695917
5000957022,-78.3228192229544,44.8595924460425
5000897973,-78.3181994865383,44.8596056574086
5000838924,-78.3135797894931,44.8596187036944
5000779875,-78.3089601318557,44.8596315849045
5000720826,-78.304340513663,44.8596443010437
5000661777,-78.299720934952,44.8596568521163
5000602728,-78.2951013957597,44.8596692381271
5000543679,-78.2904818961229,44.8596814590806
5000484630,-78.2858624360785,44.8596935149815
5000425581,-78.2812430156635,44.8597054058343
5000366532,-78.2766236349148,44.8597171316436
5000307483,-78.2720042938693,44.8597286924142
5000248434,-78.2673849925639,44.8597400881505
5000189385,-78.2627657310356,44.8597513188573
5000130336,-78.2581465093213,44.8597623845391
5000071287,-78.2535273274578,44.8597732852006
5001271950,-78.3481934197668,44.8606007796534
5001212901,-78.3435733846188,44.8606149074933
5001153852,-78.3389533886442,44.8606288702277
5001094803,-78.3343334318799,44.860642667861
5001035754,-78.3297135143631,44.8606563003978
5000976705,-78.3250936361305,44.8606697678428
5000917656,-78.3204737972192,44.8606830702005
5000858607,-78.315853997666,44.8606962074755
5000799558,-78.3112342375079,44.8607091796723
5000740509,-78.3066145167819,44.8607219867956
5000681460,-78.3019948355249,44.8607346288499
5000622411,-78.2973751937737,44.8607471058399
5000563362,-78.2927555915654,44.8607594177701
5000504313,-78.2881360289369,44.8607715646452
5000445264,-78.283516505925,44.8607835464697
5000386215,-78.2788970225667,44.8607953632483
5000327166,-78.274277578899,44.8608070149856
5000268117,-78.2696581749587,44.8608185016861
5000209068,-78.2650388107828,44.8608298233546
5000150019,-78.2604194864082,44.8608409799956
5000090970,-78.2558002018718,44.8608519716138
5000031921,-78.2511809572104,44.8608627982138
5000012238,-78.2489081854821,44.8597840208464
5001291633,-78.3504684347588,44.8616775977682
5001232584,-78.3458482971802,44.8616918166149
5001173535,-78.3412281987623,44.8617058703536
5001114486,-78.3366081395421,44.8617197589888
5001055437,-78.3319881195565,44.861733482525
5000996388,-78.3273681388424,44.8617470409669
5000937339,-78.3227481974368,44.861760434319
5000878290,-78.3181282953767,44.8617736625859
5000819241,-78.313508432699,44.8617867257722
5000760192,-78.3088886094406,44.8617996238824
5000701143,-78.3042688256385,44.8618123569212
5000642094,-78.2996490813296,44.8618249248932
5000583045,-78.2950293765508,44.8618373278029
5000523996,-78.290409711339,44.8618495656549
5000464947,-78.2857900857313,44.8618616384539
5000405898,-78.2811704997645,44.8618735462045
5000346849,-78.2765509534755,44.8618852889112
5000287800,-78.2719314469013,44.8618968665787
5000228751,-78.2673119800787,44.8619082792117
5000169702,-78.2626925530448,44.8619195268147
5000110653,-78.2580731658364,44.8619306093924
5000051604,-78.2534538184905,44.8619415269493
5001252266,-78.3481232992771,44.862768677047
5001193217,-78.3435030984169,44.8627828217928
5001134168,-78.3388829367417,44.8627968014326
5001075119,-78.3342628142883,44.862810615971
5001016070,-78.3296427310938,44.8628242654125
5000957021,-78.325022687195,44.8628377497618
5000897972,-78.320402682629,44.8628510690234
5000838923,-78.3157827174326,44.8628642232019
5000779874,-78.3111627916429,44.8628772123018
5000720825,-78.3065429052967,44.8628900363279
5000661776,-78.301923058431,44.8629026952845
5000602727,-78.2973032510827,44.8629151891765
5000543678,-78.2926834832888,44.8629275180083
5000484629,-78.2880637550861,44.8629396817845
5000425580,-78.2834440665117,44.8629516805098
5000366531,-78.2788244176025,44.8629635141888
5000307482,-78.2742048083953,44.8629751828261
5000248433,-78.2695852389272,44.8629866864263
5000189384,-78.2649657092349,44.8629980249941
5000130335,-78.2603462193556,44.863009198534
5000071286,-78.255726769326,44.8630202070507
5000012237,-78.251107359183,44.8630310505489
4999992555,-78.2488345110439,44.8619522794902
5001271949,-78.3503983909132,44.8638454887872
5001212900,-78.3457780876117,44.8638597245429
5001153851,-78.3411578234825,44.8638737951901
5001094802,-78.3365375985624,44.8638877007334
5001035753,-78.3319174128884,44.8639014411774
5000976704,-78.3272972664975,44.8639150165266
5000917655,-78.3226771594266,44.8639284267857
5000858606,-78.3180570917126,44.8639416719591
5000799557,-78.3134370633925,44.8639547520516
5000740508,-78.3088170745032,44.8639676670676
5000681459,-78.3041971250817,44.8639804170118
5000622410,-78.2995772151649,44.8639930018887
5000563361,-78.2949573447898,44.864005421703
5000504312,-78.2903375139933,44.8640176764593
5000445263,-78.2857177228123,44.8640297661621
5000386214,-78.2810979712838,44.8640416908162
5000327165,-78.2764782594446,44.864053450426
5000268116,-78.2718585873318,44.8640650449963
5000209067,-78.2672389549823,44.8640764745315
5001232583,-78.3480531663505,44.8649365786017
5001173534,-78.3434327997683,44.864950740259
5001114485,-78.3388124723825,44.86496473681
5001055436,-78.3341921842301,44.8649785682592
5000996387,-78.329571935348,44.8649922346112
5000937338,-78.3249517257731,44.8650057358705
5000878289,-78.3203315555425,44.8650190720417
5000819240,-78.3157114246931,44.8650322431294
5000760191,-78.3110913332617,44.8650452491381
5000701142,-78.3064712812855,44.8650580900726
5000642093,-78.3018512688012,44.8650707659373
5000583044,-78.2972312958459,44.8650832767369
5000150018,-78.2626193624329,44.8640877390365
5000090969,-78.2579998097206,44.8640988385157
5000031920,-78.2533802968824,44.8641097729739
4999972871,-78.2487608239551,44.8641205424157
5001252265,-78.350328334637,44.8660133839668
5001193216,-78.3457078656028,44.8660276366371
5001134167,-78.3410874357524,44.8660417241986
5001075118,-78.3364670451225,44.8660556466558
5001016069,-78.3318466937503,44.8660694040132
5000957020,-78.3272263816725,44.8660829962755
5000523995,-78.2926113624565,44.865095622476
5000464946,-78.2879914686699,44.8651078031591
5000405897,-78.2833716145231,44.865119818791
5000346848,-78.278751800053,44.8651316693761
5000287799,-78.2741320252966,44.8651433549191
5000228750,-78.2695122902907,44.8651548754247
5000169701,-78.2648925950723,44.8651662308975
5000110652,-78.2602729396783,44.865177421342
5000051603,-78.2556533241457,44.865188446763
4999992554,-78.2510337485113,44.8651993071651
5000897971,-78.3226061089263,44.8660964234472
5000838922,-78.3179858755485,44.8661096855329
5000779873,-78.3133656815761,44.8661227825372
5000720824,-78.3087455270461,44.8661357144647
5000661775,-78.3041254119953,44.86614848132
5000602726,-78.2995053364608,44.8661610831076
5000543677,-78.2948853004795,44.8661735198323
5000484628,-78.2902653040883,44.8661857914985
5000425579,-78.2856453473242,44.8661978981109
5000366530,-78.2810254302242,44.8662098396741
5000307481,-78.276405552825,44.8662216161927
5000248432,-78.2717857151638,44.8662332276714
5000189383,-78.2671659172774,44.8662446741147
5000130334,-78.2625461592027,44.8662559555274
5000071285,-78.2579264409767,44.8662670719139
5000012236,-78.2533067626363,44.866278023279
4999953187,-78.2486871242184,44.8662888096273
5001212899,-78.3479830209898,44.8671044843221
5001153850,-78.3433624886757,44.8671186628968
5001094801,-78.3387419955694,44.8671326763647
5001035752,-78.334121541708,44.8671465247304
5000976703,-78.3295011271284,44.8671602079984
5000917654,-78.3248807518676,44.8671737261734
5000858605,-78.3202604159625,44.8671870792599
5000799556,-78.31564011945,44.8672002672625
5000740507,-78.3110198623672,44.8672132901858
5000681458,-78.306399644751,44.8672261480344
5000622409,-78.3017794666383,44.8672388408129
5000563360,-78.2971593280661,44.8672513685259
5000504311,-78.2925392290713,44.8672637311779
5000445262,-78.287919169691,44.8672759287737
5000386213,-78.2832991499619,44.8672879613177
5000327164,-78.2786791699211,44.8672998288147
5000268115,-78.2740592296055,44.8673115312693
5000209066,-78.269439329052,44.8673230686859
5000150017,-78.2648194682976,44.8673344410694
5000090968,-78.2601996473792,44.8673456484243
5000031919,-78.2555798663337,44.8673566907553
4999972870,-78.2509601251981,44.8673675680669
5001232582,-78.350258265933,44.8681812833117
5001173533,-78.3456376311562,44.8681955529024
5001114484,-78.3410170355746,44.8682096573837
5001055435,-78.3363964792251,44.8682235967604
5000996386,-78.3317759621446,44.868237371037
5000937337,-78.3271554843702,44.868250980218
5000878288,-78.3225350459387,44.8682644243081
5000819239,-78.3179146468873,44.8682777033118
5000760190,-78.3132942872527,44.8682908172337
5000701141,-78.308673967072,44.8683037660784
5000642092,-78.3040536863821,44.8683165498504
5000583043,-78.29943344522,44.8683291685545
5000523994,-78.2948132436227,44.8683416221952
5000464945,-78.290193081627,44.8683539107771
5000405896,-78.2855729592699,44.8683660343047
5000346847,-78.2809528765884,44.8683779927829
5000287798,-78.2763328336194,44.868389786216
5000228749,-78.2717128303999,44.8684014146088
5000169700,-78.2670928669667,44.868412877966
5000110651,-78.2624729433569,44.868424176292
5000051602,-78.2578530596073,44.8684353095916
4999992553,-78.253233215755,44.8684462778693
5001193215,-78.3479128631977,44.869272394213
5001134166,-78.3432921651417,44.8692865897107
5001075117,-78.3386715063051,44.8693006201011
5001016068,-78.3340508867248,44.869314485389
5000957019,-78.3294303064378,44.8693281855788
5000897970,-78.3248097654811,44.8693417206752
5000838921,-78.3201892638916,44.8693550906827
5000779872,-78.3155688017062,44.869368295606
5000720823,-78.3109483789621,44.8693813354495
5000661774,-78.306327995696,44.869394210218
5000602725,-78.301707651945,44.8694069199159
5000543676,-78.2970873477461,44.869419464548
5000484627,-78.2924670831361,44.8694318441188
5000425578,-78.287846858152,44.8694440586328
5000366529,-78.2832266728308,44.8694561080949
5000307480,-78.2786065272094,44.8694679925094
5000248431,-78.2739864213248,44.8694797118811
5000189382,-78.2693663552139,44.8694912662146
5000130333,-78.2647463289136,44.8695026555146
5000071284,-78.2601263424609,44.8695138797856
5000012235,-78.2555063958928,44.8695249390322
4999953186,-78.2508864892461,44.8695358332592
5001212898,-78.350188184804,44.8703491868265
5001153849,-78.3455673842746,44.8703634733432
5001094800,-78.3409466229519,44.8703775947502
5001035751,-78.3363259008728,44.8703915510521
5000976702,-78.3317052180742,44.8704053422535
5000917653,-78.3270845745932,44.870418968359
5000858604,-78.3224639704667,44.8704324293731
5000799555,-78.3178434057316,44.8704457253005
5000740506,-78.313222880425,44.8704588561456
5000681457,-78.3086023945838,44.8704718219132
5000622408,-78.3039819482449,44.8704846226078
5000563359,-78.2993615414453,44.870497258234
5000504310,-78.294741174222,44.8705097287965
5000445261,-78.2901208466119,44.8705220342997
5000386212,-78.285500558652,44.8705341747484
5000327163,-78.2808803103792,44.8705461501471
5000268114,-78.2762601018305,44.8705579605005
5000209065,-78.2716399330428,44.8705696058132
5000150016,-78.2670198040531,44.8705810860898
5000090967,-78.2623997148983,44.870592401335
5000031918,-78.2577796656154,44.8706035515533
4999972869,-78.2531596562412,44.8706145367495
5001173532,-78.347842692977,44.8714403082789
5001114483,-78.3432218291692,44.8714545207053
5001055434,-78.3386010045923,44.871468568024
5000996385,-78.3339802192832,44.8714824502398
5000937336,-78.3293594732789,44.8714961673571
5000878287,-78.3247387666164,44.8715097193806
5000819238,-78.3201180993326,44.8715231063148
5000760189,-78.3154974714645,44.8715363281644
5000701140,-78.3108768830491,44.8715493849339
5000642091,-78.3062563341233,44.8715622766279
5000583042,-78.3016358247241,44.8715750032511
5000523993,-78.2970153548885,44.8715875648079
5000464944,-78.2923949246534,44.8715999613031
5000405895,-78.2877745340558,44.8716121927413
5000346846,-78.2831541831326,44.8716242591269
5000287797,-78.2785338719208,44.8716361604648
5000228748,-78.2739136004573,44.8716478967594
5000169699,-78.2692933687791,44.8716594680155
5000110650,-78.2646731769232,44.8716708742376
5000051601,-78.2600530249264,44.8716821154304
4999992552,-78.2554329128257,44.8716931915985
4999933503,-78.2508128406581,44.8717041027466
5001193214,-78.3501180912526,44.8725170945157
5001134165,-78.3454971249608,44.8725313979641
5001075116,-78.3408761978871,44.8725455363025
5001016067,-78.3362553100685,44.8725595095353
5000957018,-78.3316344615419,44.8725733176673
5000897969,-78.3270136523444,44.8725869607029
5000838920,-78.3223928825129,44.8726004386468
5000779871,-78.3177721520843,44.8726137515036
5000720822,-78.3131514610958,44.8726268992778
5000661773,-78.3085308095841,44.872639881974
5000602724,-78.3039101975863,44.8726526995968
5000543675,-78.2992896251394,44.8726653521509
5000484626,-78.2946690922803,44.8726778396408
5000425577,-78.2900485990459,44.8726901620711
5000366528,-78.2854281454733,44.8727023194465
5000307479,-78.2808077315994,44.8727143117716
5000248430,-78.2761873574611,44.872726139051
5000189381,-78.2715670230954,44.8727378012892
5000130332,-78.2669467285393,44.8727492984911
5000071283,-78.2623264738297,44.8727606306611
5000012234,-78.2577062590035,44.8727717978039
4999953185,-78.2530860840977,44.8727827999242
5001153848,-78.3477725103303,44.8736082265245
5001094799,-78.3431514807609,44.8736224558852
5001035750,-78.3385304904338,44.873636520138
5000976701,-78.333909539386,44.8736504192873
5000917652,-78.3292886276545,44.8736641533379
5000858603,-78.3246677552763,44.8736777222942
5000799554,-78.3200469222883,44.8736911261608
5000740505,-78.3154261287275,44.8737043649425
5000681456,-78.310805374631,44.8737174386436
5000622407,-78.3061846600356,44.8737303472689
5000563358,-78.3015639849784,44.873743090823
5000504309,-78.2969433494962,44.8737556693104
5000445260,-78.2923227536262,44.8737680827357
5000386211,-78.2877021974051,44.8737803311036
5000327162,-78.2830816808701,44.8737924144187
5000268113,-78.278461204058,44.8738043326855
5000209064,-78.2738407670058,44.8738160859088
5000150015,-78.2692203697505,44.8738276740932
5000090966,-78.264600012329,44.8738390972432
5000031917,-78.2599796947783,44.8738503553635
4999972868,-78.2553594171353,44.8738614484588
4999913819,-78.2507391794369,44.8738723765336
5001173531,-78.3500479852816,44.8746850063841
5001114482,-78.3454268532175,44.87469932677
5001055433,-78.3408057603829,44.8747134820453
5000996384,-78.3361847068148,44.8747274722148
5000937335,-78.3315636925504,44.8747412972831
5000878286,-78.3269427176264,44.8747549572546
5000819237,-78.32232178208,44.8747684521339
5000760188,-78.3177008859481,44.8747817819258
5000701139,-78.3130800292677,44.8747949466347
5000642090,-78.3084592120757,44.8748079462652
5000583041,-78.3038384344092,44.874820780822
5000523992,-78.299217696305,44.8748334503096
5000464943,-78.2945969978002,44.8748459547327
5000405894,-78.2899763389318,44.8748582940959
5000346845,-78.2853557197366,44.8748704684037
5000287796,-78.2807351402517,44.8748824776609
5000228747,-78.276114600514,44.8748943218719
5000169698,-78.2714941005605,44.8749060010416
5000110649,-78.2668736404281,44.8749175151743
5000051600,-78.2622532201538,44.8749288642749
4999992551,-78.2576328397746,44.874940048348
4999933502,-78.2530124993273,44.8749510673981
5001134164,-78.3477023152605,44.8757761489544
5001075115,-78.3430811199195,44.8757903952552
5001016066,-78.3384599638322,44.8758044764476
5000957017,-78.3338388470358,44.8758183925363
5000897968,-78.3292177695672,44.8758321435257
5000838919,-78.3245967314634,44.8758457294206
5000779870,-78.3199757327614,44.8758591502254
5000720821,-78.3153547734981,44.8758724059448
5000661772,-78.3107338537105,44.8758854965833
5000602723,-78.3061129734356,44.8758984221456
5000543674,-78.3014921327105,44.8759111826363
5000484625,-78.2968713315719,44.8759237780599
5000425576,-78.292250570057,44.8759362084211
5000366527,-78.2876298482027,44.8759484737245
5000307478,-78.283009166046,44.8759605739747
5000248429,-78.2783885236238,44.8759725091763
5000189380,-78.273767920973,44.875984279334
5000130331,-78.2691473581308,44.8759958844523
5000071282,-78.2645268351339,44.876007324536
5000012233,-78.2599063520194,44.8760185995896
4999953184,-78.2552859088242,44.8760297096177
4999894135,-78.2506655055853,44.8760406546252
